20160701-00001,FALSE,108000,2016/7/7,0,2016/8/7,FALSE,2016/7/7 17:00,2016/7/1,8000,100000
20160701-00002,FALSE,108000,2016/7/7,0,2016/8/7,FALSE,2016/7/7 17:00,2016/7/1,8000,100000
20160701-00003,FALSE,108000,2016/7/7,0,2016/8/7,FALSE,2016/7/7 17:00,2016/7/1,8000,100000
20160701-00004,FALSE,108000,2016/7/7,0,2016/8/7,FALSE,2016/7/7 17:00,2016/7/1,8000,100000
20160701-00005,FALSE,108000,2016/7/7,0,2016/8/7,FALSE,2016/7/7 17:00,2016/7/1,8000,100000
20160701-00006,FALSE,108000,2016/7/7,0,2016/8/7,FALSE,2016/7/7 17:00,2016/7/1,8000,100000
20160701-00007,FALSE,108000,2016/7/7,0,2016/8/7,FALSE,2016/7/7 17:00,2016/7/1,8000,100000
20160701-00008,FALSE,108000,2016/7/7,0,2016/8/7,FALSE,2016/7/7 17:00,2016/7/1,8000,100000
20160701-00009,FALSE,108000,2016/7/7,0,2016/8/7,FALSE,2016/7/7 17:00,2016/7/1,8000,100000
20160701-00010,FALSE,108000,2016/7/7,0,2016/8/7,FALSE,2016/7/7 17:00,2016/7/1,8000,100000
20160701-00011,FALSE,108000,2016/7/7,0,2016/8/7,FALSE,2016/7/7 17:00,2016/7/1,8000,100000
20160701-00012,FALSE,108000,2016/7/7,0,2016/8/7,FALSE,2016/7/7 17:00,2016/7/1,8000,100000
20160701-00013,FALSE,108000,2016/7/7,0,2016/8/7,FALSE,2016/7/7 17:00,2016/7/1,8000,100000
20160701-00014,FALSE,108000,2016/7/7,0,2016/8/7,FALSE,2016/7/7 17:00,2016/7/1,8000,100000
20160701-00015,FALSE,108000,2016/7/7,0,2016/8/7,FALSE,2016/7/7 17:00,2016/7/1,8000,100000
20160701-00016,FALSE,108000,2016/7/7,0,2016/8/7,FALSE,2016/7/7 17:00,2016/7/1,8000,100000
20160701-00017,FALSE,108000,2016/7/7,0,2016/8/7,FALSE,2016/7/7 17:00,2016/7/1,8000,100000
20160701-00018,FALSE,108000,2016/7/7,0,2016/8/7,FALSE,2016/7/7 17:00,2016/7/1,8000,100000
20160701-00019,FALSE,108000,2016/7/7,0,2016/8/7,FALSE,2016/7/7 17:00,2016/7/1,8000,100000
20160701-00020,FALSE,108000,2016/7/7,0,2016/8/7,FALSE,2016/7/7 17:00,2016/7/1,8000,100000
20160701-00021,FALSE,108000,2016/7/7,0,2016/8/7,FALSE,2016/7/7 17:00,2016/7/1,8000,100000
20160701-00022,FALSE,108000,2016/7/7,0,2016/8/7,FALSE,2016/7/7 17:00,2016/7/1,8000,100000
20160701-00023,FALSE,108000,2016/7/7,0,2016/8/7,FALSE,2016/7/7 17:00,2016/7/1,8000,100000
20160701-00024,FALSE,108000,2016/7/7,0,2016/8/7,FALSE,2016/7/7 17:00,2016/7/1,8000,100000
20160701-00025,FALSE,108000,2016/7/7,0,2016/8/7,FALSE,2016/7/7 17:00,2016/7/1,8000,100000
20160701-00026,FALSE,108000,2016/7/7,0,2016/8/7,FALSE,2016/7/7 17:00,2016/7/1,8000,100000
20160701-00027,FALSE,108000,2016/7/7,0,2016/8/7,FALSE,2016/7/7 17:00,2016/7/1,8000,100000
20160701-00028,FALSE,108000,2016/7/7,0,2016/8/7,FALSE,2016/7/7 17:00,2016/7/1,8000,100000
20160701-00029,FALSE,108000,2016/7/7,0,2016/8/7,FALSE,2016/7/7 17:00,2016/7/1,8000,100000
20160701-00030,FALSE,108000,2016/7/7,0,2016/8/7,FALSE,2016/7/7 17:00,2016/7/1,8000,100000
20160701-00031,FALSE,108000,2016/7/7,0,2016/8/7,FALSE,2016/7/7 17:00,2016/7/1,8000,100000
20160701-00032,FALSE,108000,2016/7/7,0,2016/8/7,FALSE,2016/7/7 17:00,2016/7/1,8000,100000
20160701-00033,FALSE,108000,2016/7/7,0,2016/8/7,FALSE,2016/7/7 17:00,2016/7/1,8000,100000
20160701-00034,FALSE,108000,2016/7/7,0,2016/8/7,FALSE,2016/7/7 17:00,2016/7/1,8000,100000
20160701-00035,FALSE,108000,2016/7/7,0,2016/8/7,FALSE,2016/7/7 17:00,2016/7/1,8000,100000
20160701-00036,FALSE,108000,2016/7/7,0,2016/8/7,FALSE,2016/7/7 17:00,2016/7/1,8000,100000
20160701-00037,FALSE,108000,2016/7/7,0,2016/8/7,FALSE,2016/7/7 17:00,2016/7/1,8000,100000
20160701-00038,FALSE,108000,2016/7/7,0,2016/8/7,FALSE,2016/7/7 17:00,2016/7/1,8000,100000
20160701-00039,FALSE,108000,2016/7/7,0,2016/8/7,FALSE,2016/7/7 17:00,2016/7/1,8000,100000
20160701-00040,FALSE,108000,2016/7/7,0,2016/8/7,FALSE,2016/7/7 17:00,2016/7/1,8000,100000
20160701-00041,FALSE,108000,2016/7/7,0,2016/8/7,FALSE,2016/7/7 17:00,2016/7/1,8000,100000
20160701-00042,FALSE,108000,2016/7/7,0,2016/8/7,FALSE,2016/7/7 17:00,2016/7/1,8000,100000
20160701-00043,FALSE,108000,2016/7/7,0,2016/8/7,FALSE,2016/7/7 17:00,2016/7/1,8000,100000
20160701-00044,FALSE,108000,2016/7/7,0,2016/8/7,FALSE,2016/7/7 17:00,2016/7/1,8000,100000
20160701-00045,FALSE,108000,2016/7/7,0,2016/8/7,FALSE,2016/7/7 17:00,2016/7/1,8000,100000
20160701-00046,FALSE,108000,2016/7/7,0,2016/8/7,FALSE,2016/7/7 17:00,2016/7/1,8000,100000
20160701-00047,FALSE,108000,2016/7/7,0,2016/8/7,FALSE,2016/7/7 17:00,2016/7/1,8000,100000
20160701-00048,FALSE,108000,2016/7/7,0,2016/8/7,FALSE,2016/7/7 17:00,2016/7/1,8000,100000
20160701-00049,FALSE,108000,2016/7/7,0,2016/8/7,FALSE,2016/7/7 17:00,2016/7/1,8000,100000
20160701-00050,FALSE,108000,2016/7/7,0,2016/8/7,FALSE,2016/7/7 17:00,2016/7/1,8000,100000
20160701-00051,FALSE,108000,2016/7/7,0,2016/8/7,FALSE,2016/7/7 17:00,2016/7/1,8000,100000
20160701-00052,FALSE,108000,2016/7/7,0,2016/8/7,FALSE,2016/7/7 17:00,2016/7/1,8000,100000
20160701-00053,FALSE,108000,2016/7/7,0,2016/8/7,FALSE,2016/7/7 17:00,2016/7/1,8000,100000
20160701-00054,FALSE,108000,2016/7/7,0,2016/8/7,FALSE,2016/7/7 17:00,2016/7/1,8000,100000
20160701-00055,FALSE,108000,2016/7/7,0,2016/8/7,FALSE,2016/7/7 17:00,2016/7/1,8000,100000
20160701-00056,FALSE,108000,2016/7/7,0,2016/8/7,FALSE,2016/7/7 17:00,2016/7/1,8000,100000
20160701-00057,FALSE,108000,2016/7/7,0,2016/8/7,FALSE,2016/7/7 17:00,2016/7/1,8000,100000
20160701-00058,FALSE,108000,2016/7/7,0,2016/8/7,FALSE,2016/7/7 17:00,2016/7/1,8000,100000
20160701-00059,FALSE,108000,2016/7/7,0,2016/8/7,FALSE,2016/7/7 17:00,2016/7/1,8000,100000
20160701-00060,FALSE,108000,2016/7/7,0,2016/8/7,FALSE,2016/7/7 17:00,2016/7/1,8000,100000
20160701-00061,FALSE,108000,2016/7/7,0,2016/8/7,FALSE,2016/7/7 17:00,2016/7/1,8000,100000
20160701-00062,FALSE,108000,2016/7/7,0,2016/8/7,FALSE,2016/7/7 17:00,2016/7/1,8000,100000
20160701-00063,FALSE,108000,2016/7/7,0,2016/8/7,FALSE,2016/7/7 17:00,2016/7/1,8000,100000
20160701-00064,FALSE,108000,2016/7/7,0,2016/8/7,FALSE,2016/7/7 17:00,2016/7/1,8000,100000
20160701-00065,FALSE,108000,2016/7/7,0,2016/8/7,FALSE,2016/7/7 17:00,2016/7/1,8000,100000
20160701-00066,FALSE,108000,2016/7/7,0,2016/8/7,FALSE,2016/7/7 17:00,2016/7/1,8000,100000
20160701-00067,FALSE,108000,2016/7/7,0,2016/8/7,FALSE,2016/7/7 17:00,2016/7/1,8000,100000
20160701-00068,FALSE,108000,2016/7/7,0,2016/8/7,FALSE,2016/7/7 17:00,2016/7/1,8000,100000
20160701-00069,FALSE,108000,2016/7/7,0,2016/8/7,FALSE,2016/7/7 17:00,2016/7/1,8000,100000
20160701-00070,FALSE,108000,2016/7/7,0,2016/8/7,FALSE,2016/7/7 17:00,2016/7/1,8000,100000
20160701-00071,FALSE,108000,2016/7/7,0,2016/8/7,FALSE,2016/7/7 17:00,2016/7/1,8000,100000
20160701-00072,FALSE,108000,2016/7/7,0,2016/8/7,FALSE,2016/7/7 17:00,2016/7/1,8000,100000
20160701-00073,FALSE,108000,2016/7/7,0,2016/8/7,FALSE,2016/7/7 17:00,2016/7/1,8000,100000
20160701-00074,FALSE,108000,2016/7/7,0,2016/8/7,FALSE,2016/7/7 17:00,2016/7/1,8000,100000
20160701-00075,FALSE,108000,2016/7/7,0,2016/8/7,FALSE,2016/7/7 17:00,2016/7/1,8000,100000
20160701-00076,FALSE,108000,2016/7/7,0,2016/8/7,FALSE,2016/7/7 17:00,2016/7/1,8000,100000
20160701-00077,FALSE,108000,2016/7/7,0,2016/8/7,FALSE,2016/7/7 17:00,2016/7/1,8000,100000
20160701-00078,FALSE,108000,2016/7/7,0,2016/8/7,FALSE,2016/7/7 17:00,2016/7/1,8000,100000
20160701-00079,FALSE,108000,2016/7/7,0,2016/8/7,FALSE,2016/7/7 17:00,2016/7/1,8000,100000
20160701-00080,FALSE,108000,2016/7/7,0,2016/8/7,FALSE,2016/7/7 17:00,2016/7/1,8000,100000
20160701-00081,FALSE,108000,2016/7/7,0,2016/8/7,FALSE,2016/7/7 17:00,2016/7/1,8000,100000
20160701-00082,FALSE,108000,2016/7/7,0,2016/8/7,FALSE,2016/7/7 17:00,2016/7/1,8000,100000
20160701-00083,FALSE,108000,2016/7/7,0,2016/8/7,FALSE,2016/7/7 17:00,2016/7/1,8000,100000
20160701-00084,FALSE,108000,2016/7/7,0,2016/8/7,FALSE,2016/7/7 17:00,2016/7/1,8000,100000
20160701-00085,FALSE,108000,2016/7/7,0,2016/8/7,FALSE,2016/7/7 17:00,2016/7/1,8000,100000
20160701-00086,FALSE,108000,2016/7/7,0,2016/8/7,FALSE,2016/7/7 17:00,2016/7/1,8000,100000
20160701-00087,FALSE,108000,2016/7/7,0,2016/8/7,FALSE,2016/7/7 17:00,2016/7/1,8000,100000
20160701-00088,FALSE,108000,2016/7/7,0,2016/8/7,FALSE,2016/7/7 17:00,2016/7/1,8000,100000
20160701-00089,FALSE,108000,2016/7/7,0,2016/8/7,FALSE,2016/7/7 17:00,2016/7/1,8000,100000
20160701-00090,FALSE,108000,2016/7/7,0,2016/8/7,FALSE,2016/7/7 17:00,2016/7/1,8000,100000
20160701-00091,FALSE,108000,2016/7/7,0,2016/8/7,FALSE,2016/7/7 17:00,2016/7/1,8000,100000
20160701-00092,FALSE,108000,2016/7/7,0,2016/8/7,FALSE,2016/7/7 17:00,2016/7/1,8000,100000
20160701-00093,FALSE,108000,2016/7/7,0,2016/8/7,FALSE,2016/7/7 17:00,2016/7/1,8000,100000
20160701-00094,FALSE,108000,2016/7/7,0,2016/8/7,FALSE,2016/7/7 17:00,2016/7/1,8000,100000
20160701-00095,FALSE,108000,2016/7/7,0,2016/8/7,FALSE,2016/7/7 17:00,2016/7/1,8000,100000
20160701-00096,FALSE,108000,2016/7/7,0,2016/8/7,FALSE,2016/7/7 17:00,2016/7/1,8000,100000
20160701-00097,FALSE,108000,2016/7/7,0,2016/8/7,FALSE,2016/7/7 17:00,2016/7/1,8000,100000
20160701-00098,FALSE,108000,2016/7/7,0,2016/8/7,FALSE,2016/7/7 17:00,2016/7/1,8000,100000
20160701-00099,FALSE,108000,2016/7/7,0,2016/8/7,FALSE,2016/7/7 17:00,2016/7/1,8000,100000
20160701-00100,FALSE,108000,2016/7/7,0,2016/8/7,FALSE,2016/7/7 17:00,2016/7/1,8000,100000
20160701-00101,FALSE,108000,2016/7/7,0,2016/8/7,FALSE,2016/7/7 17:00,2016/7/1,8000,100000
20160701-00102,FALSE,108000,2016/7/7,0,2016/8/7,FALSE,2016/7/7 17:00,2016/7/1,8000,100000
20160701-00103,FALSE,108000,2016/7/7,0,2016/8/7,FALSE,2016/7/7 17:00,2016/7/1,8000,100000
20160701-00104,FALSE,108000,2016/7/7,0,2016/8/7,FALSE,2016/7/7 17:00,2016/7/1,8000,100000
20160701-00105,FALSE,108000,2016/7/7,0,2016/8/7,FALSE,2016/7/7 17:00,2016/7/1,8000,100000
20160701-00106,FALSE,108000,2016/7/7,0,2016/8/7,FALSE,2016/7/7 17:00,2016/7/1,8000,100000
20160701-00107,FALSE,108000,2016/7/7,0,2016/8/7,FALSE,2016/7/7 17:00,2016/7/1,8000,100000
20160701-00108,FALSE,108000,2016/7/7,0,2016/8/7,FALSE,2016/7/7 17:00,2016/7/1,8000,100000
20160701-00109,FALSE,108000,2016/7/7,0,2016/8/7,FALSE,2016/7/7 17:00,2016/7/1,8000,100000
20160701-00110,FALSE,108000,2016/7/7,0,2016/8/7,FALSE,2016/7/7 17:00,2016/7/1,8000,100000
20160701-00111,FALSE,108000,2016/7/7,0,2016/8/7,FALSE,2016/7/7 17:00,2016/7/1,8000,100000
20160701-00112,FALSE,108000,2016/7/7,0,2016/8/7,FALSE,2016/7/7 17:00,2016/7/1,8000,100000
20160701-00113,FALSE,108000,2016/7/7,0,2016/8/7,FALSE,2016/7/7 17:00,2016/7/1,8000,100000
20160701-00114,FALSE,108000,2016/7/7,0,2016/8/7,FALSE,2016/7/7 17:00,2016/7/1,8000,100000
20160701-00115,FALSE,108000,2016/7/7,0,2016/8/7,FALSE,2016/7/7 17:00,2016/7/1,8000,100000
20160701-00116,FALSE,108000,2016/7/7,0,2016/8/7,FALSE,2016/7/7 17:00,2016/7/1,8000,100000
20160701-00117,FALSE,108000,2016/7/7,0,2016/8/7,FALSE,2016/7/7 17:00,2016/7/1,8000,100000
20160701-00118,FALSE,108000,2016/7/7,0,2016/8/7,FALSE,2016/7/7 17:00,2016/7/1,8000,100000
20160701-00119,FALSE,108000,2016/7/7,0,2016/8/7,FALSE,2016/7/7 17:00,2016/7/1,8000,100000
20160701-00120,FALSE,108000,2016/7/7,0,2016/8/7,FALSE,2016/7/7 17:00,2016/7/1,8000,100000
20160701-00121,FALSE,108000,2016/7/7,0,2016/8/7,FALSE,2016/7/7 17:00,2016/7/1,8000,100000
20160701-00122,FALSE,108000,2016/7/7,0,2016/8/7,FALSE,2016/7/7 17:00,2016/7/1,8000,100000
20160701-00123,FALSE,108000,2016/7/7,0,2016/8/7,FALSE,2016/7/7 17:00,2016/7/1,8000,100000
20160701-00124,FALSE,108000,2016/7/7,0,2016/8/7,FALSE,2016/7/7 17:00,2016/7/1,8000,100000
20160701-00125,FALSE,108000,2016/7/7,0,2016/8/7,FALSE,2016/7/7 17:00,2016/7/1,8000,100000
20160701-00126,FALSE,108000,2016/7/7,0,2016/8/7,FALSE,2016/7/7 17:00,2016/7/1,8000,100000
20160701-00127,FALSE,108000,2016/7/7,0,2016/8/7,FALSE,2016/7/7 17:00,2016/7/1,8000,100000
20160701-00128,FALSE,108000,2016/7/7,0,2016/8/7,FALSE,2016/7/7 17:00,2016/7/1,8000,100000
20160701-00129,FALSE,108000,2016/7/7,0,2016/8/7,FALSE,2016/7/7 17:00,2016/7/1,8000,100000
20160701-00130,FALSE,108000,2016/7/7,0,2016/8/7,FALSE,2016/7/7 17:00,2016/7/1,8000,100000
20160701-00131,FALSE,108000,2016/7/7,0,2016/8/7,FALSE,2016/7/7 17:00,2016/7/1,8000,100000
20160701-00132,FALSE,108000,2016/7/7,0,2016/8/7,FALSE,2016/7/7 17:00,2016/7/1,8000,100000
20160701-00133,FALSE,108000,2016/7/7,0,2016/8/7,FALSE,2016/7/7 17:00,2016/7/1,8000,100000
20160701-00134,FALSE,108000,2016/7/7,0,2016/8/7,FALSE,2016/7/7 17:00,2016/7/1,8000,100000
20160701-00135,FALSE,108000,2016/7/7,0,2016/8/7,FALSE,2016/7/7 17:00,2016/7/1,8000,100000
20160701-00136,FALSE,108000,2016/7/7,0,2016/8/7,FALSE,2016/7/7 17:00,2016/7/1,8000,100000
20160701-00137,FALSE,108000,2016/7/7,0,2016/8/7,FALSE,2016/7/7 17:00,2016/7/1,8000,100000
20160701-00138,FALSE,108000,2016/7/7,0,2016/8/7,FALSE,2016/7/7 17:00,2016/7/1,8000,100000
20160701-00139,FALSE,108000,2016/7/7,0,2016/8/7,FALSE,2016/7/7 17:00,2016/7/1,8000,100000
20160701-00140,FALSE,108000,2016/7/7,0,2016/8/7,FALSE,2016/7/7 17:00,2016/7/1,8000,100000
20160701-00141,FALSE,108000,2016/7/7,0,2016/8/7,FALSE,2016/7/7 17:00,2016/7/1,8000,100000
20160701-00142,FALSE,108000,2016/7/7,0,2016/8/7,FALSE,2016/7/7 17:00,2016/7/1,8000,100000
20160701-00143,FALSE,108000,2016/7/7,0,2016/8/7,FALSE,2016/7/7 17:00,2016/7/1,8000,100000
20160701-00144,FALSE,108000,2016/7/7,0,2016/8/7,FALSE,2016/7/7 17:00,2016/7/1,8000,100000
20160701-00145,FALSE,108000,2016/7/7,0,2016/8/7,FALSE,2016/7/7 17:00,2016/7/1,8000,100000
20160701-00146,FALSE,108000,2016/7/7,0,2016/8/7,FALSE,2016/7/7 17:00,2016/7/1,8000,100000
20160701-00147,FALSE,108000,2016/7/7,0,2016/8/7,FALSE,2016/7/7 17:00,2016/7/1,8000,100000
20160701-00148,FALSE,108000,2016/7/7,0,2016/8/7,FALSE,2016/7/7 17:00,2016/7/1,8000,100000
20160701-00149,FALSE,108000,2016/7/7,0,2016/8/7,FALSE,2016/7/7 17:00,2016/7/1,8000,100000
20160701-00150,FALSE,108000,2016/7/7,0,2016/8/7,FALSE,2016/7/7 17:00,2016/7/1,8000,100000
20160701-00151,FALSE,108000,2016/7/7,0,2016/8/7,FALSE,2016/7/7 17:00,2016/7/1,8000,100000
20160701-00152,FALSE,108000,2016/7/7,0,2016/8/7,FALSE,2016/7/7 17:00,2016/7/1,8000,100000
20160701-00153,FALSE,108000,2016/7/7,0,2016/8/7,FALSE,2016/7/7 17:00,2016/7/1,8000,100000
20160701-00154,FALSE,108000,2016/7/7,0,2016/8/7,FALSE,2016/7/7 17:00,2016/7/1,8000,100000
20160701-00155,FALSE,108000,2016/7/7,0,2016/8/7,FALSE,2016/7/7 17:00,2016/7/1,8000,100000
20160701-00156,FALSE,108000,2016/7/7,0,2016/8/7,FALSE,2016/7/7 17:00,2016/7/1,8000,100000
20160701-00157,FALSE,108000,2016/7/7,0,2016/8/7,FALSE,2016/7/7 17:00,2016/7/1,8000,100000
20160701-00158,FALSE,108000,2016/7/7,0,2016/8/7,FALSE,2016/7/7 17:00,2016/7/1,8000,100000
20160701-00159,FALSE,108000,2016/7/7,0,2016/8/7,FALSE,2016/7/7 17:00,2016/7/1,8000,100000
20160701-00160,FALSE,108000,2016/7/7,0,2016/8/7,FALSE,2016/7/7 17:00,2016/7/1,8000,100000
20160701-00161,FALSE,108000,2016/7/7,0,2016/8/7,FALSE,2016/7/7 17:00,2016/7/1,8000,100000
20160701-00162,FALSE,108000,2016/7/7,0,2016/8/7,FALSE,2016/7/7 17:00,2016/7/1,8000,100000
20160701-00163,FALSE,108000,2016/7/7,0,2016/8/7,FALSE,2016/7/7 17:00,2016/7/1,8000,100000
20160701-00164,FALSE,108000,2016/7/7,0,2016/8/7,FALSE,2016/7/7 17:00,2016/7/1,8000,100000
20160701-00165,FALSE,108000,2016/7/7,0,2016/8/7,FALSE,2016/7/7 17:00,2016/7/1,8000,100000
20160701-00166,FALSE,108000,2016/7/7,0,2016/8/7,FALSE,2016/7/7 17:00,2016/7/1,8000,100000
20160701-00167,FALSE,108000,2016/7/7,0,2016/8/7,FALSE,2016/7/7 17:00,2016/7/1,8000,100000
20160701-00168,FALSE,108000,2016/7/7,0,2016/8/7,FALSE,2016/7/7 17:00,2016/7/1,8000,100000
20160701-00169,FALSE,108000,2016/7/7,0,2016/8/7,FALSE,2016/7/7 17:00,2016/7/1,8000,100000
20160701-00170,FALSE,108000,2016/7/7,0,2016/8/7,FALSE,2016/7/7 17:00,2016/7/1,8000,100000
20160701-00171,FALSE,108000,2016/7/7,0,2016/8/7,FALSE,2016/7/7 17:00,2016/7/1,8000,100000
20160701-00172,FALSE,108000,2016/7/7,0,2016/8/7,FALSE,2016/7/7 17:00,2016/7/1,8000,100000
20160701-00173,FALSE,108000,2016/7/7,0,2016/8/7,FALSE,2016/7/7 17:00,2016/7/1,8000,100000
20160701-00174,FALSE,108000,2016/7/7,0,2016/8/7,FALSE,2016/7/7 17:00,2016/7/1,8000,100000
20160701-00175,FALSE,108000,2016/7/7,0,2016/8/7,FALSE,2016/7/7 17:00,2016/7/1,8000,100000
20160701-00176,FALSE,108000,2016/7/7,0,2016/8/7,FALSE,2016/7/7 17:00,2016/7/1,8000,100000
20160701-00177,FALSE,108000,2016/7/7,0,2016/8/7,FALSE,2016/7/7 17:00,2016/7/1,8000,100000
20160701-00178,FALSE,108000,2016/7/7,0,2016/8/7,FALSE,2016/7/7 17:00,2016/7/1,8000,100000
20160701-00179,FALSE,108000,2016/7/7,0,2016/8/7,FALSE,2016/7/7 17:00,2016/7/1,8000,100000
20160701-00180,FALSE,108000,2016/7/7,0,2016/8/7,FALSE,2016/7/7 17:00,2016/7/1,8000,100000
20160701-00181,FALSE,108000,2016/7/7,0,2016/8/7,FALSE,2016/7/7 17:00,2016/7/1,8000,100000
20160701-00182,FALSE,108000,2016/7/7,0,2016/8/7,FALSE,2016/7/7 17:00,2016/7/1,8000,100000
20160701-00183,FALSE,108000,2016/7/7,0,2016/8/7,FALSE,2016/7/7 17:00,2016/7/1,8000,100000
20160701-00184,FALSE,108000,2016/7/7,0,2016/8/7,FALSE,2016/7/7 17:00,2016/7/1,8000,100000
20160701-00185,FALSE,108000,2016/7/7,0,2016/8/7,FALSE,2016/7/7 17:00,2016/7/1,8000,100000
20160701-00186,FALSE,108000,2016/7/7,0,2016/8/7,FALSE,2016/7/7 17:00,2016/7/1,8000,100000
20160701-00187,FALSE,108000,2016/7/7,0,2016/8/7,FALSE,2016/7/7 17:00,2016/7/1,8000,100000
20160701-00188,FALSE,108000,2016/7/7,0,2016/8/7,FALSE,2016/7/7 17:00,2016/7/1,8000,100000
20160701-00189,FALSE,108000,2016/7/7,0,2016/8/7,FALSE,2016/7/7 17:00,2016/7/1,8000,100000
20160701-00190,FALSE,108000,2016/7/7,0,2016/8/7,FALSE,2016/7/7 17:00,2016/7/1,8000,100000
20160701-00191,FALSE,108000,2016/7/7,0,2016/8/7,FALSE,2016/7/7 17:00,2016/7/1,8000,100000
20160701-00192,FALSE,108000,2016/7/7,0,2016/8/7,FALSE,2016/7/7 17:00,2016/7/1,8000,100000
20160701-00193,FALSE,108000,2016/7/7,0,2016/8/7,FALSE,2016/7/7 17:00,2016/7/1,8000,100000
20160701-00194,FALSE,108000,2016/7/7,0,2016/8/7,FALSE,2016/7/7 17:00,2016/7/1,8000,100000
20160701-00195,FALSE,108000,2016/7/7,0,2016/8/7,FALSE,2016/7/7 17:00,2016/7/1,8000,100000
20160701-00196,FALSE,108000,2016/7/7,0,2016/8/7,FALSE,2016/7/7 17:00,2016/7/1,8000,100000
20160701-00197,FALSE,108000,2016/7/7,0,2016/8/7,FALSE,2016/7/7 17:00,2016/7/1,8000,100000
20160701-00198,FALSE,108000,2016/7/7,0,2016/8/7,FALSE,2016/7/7 17:00,2016/7/1,8000,100000
20160701-00199,FALSE,108000,2016/7/7,0,2016/8/7,FALSE,2016/7/7 17:00,2016/7/1,8000,100000
20160701-00200,FALSE,108000,2016/7/7,0,2016/8/7,FALSE,2016/7/7 17:00,2016/7/1,8000,100000
20160701-00201,FALSE,108000,2016/7/7,0,2016/8/7,FALSE,2016/7/7 17:00,2016/7/1,8000,100000
20160701-00202,FALSE,108000,2016/7/7,0,2016/8/7,FALSE,2016/7/7 17:00,2016/7/1,8000,100000
20160701-00203,FALSE,108000,2016/7/7,0,2016/8/7,FALSE,2016/7/7 17:00,2016/7/1,8000,100000
20160701-00204,FALSE,108000,2016/7/7,0,2016/8/7,FALSE,2016/7/7 17:00,2016/7/1,8000,100000
20160701-00205,FALSE,108000,2016/7/7,0,2016/8/7,FALSE,2016/7/7 17:00,2016/7/1,8000,100000
20160701-00206,FALSE,108000,2016/7/7,0,2016/8/7,FALSE,2016/7/7 17:00,2016/7/1,8000,100000
20160701-00207,FALSE,108000,2016/7/7,0,2016/8/7,FALSE,2016/7/7 17:00,2016/7/1,8000,100000
20160701-00208,FALSE,108000,2016/7/7,0,2016/8/7,FALSE,2016/7/7 17:00,2016/7/1,8000,100000
20160701-00209,FALSE,108000,2016/7/7,0,2016/8/7,FALSE,2016/7/7 17:00,2016/7/1,8000,100000
20160701-00210,FALSE,108000,2016/7/7,0,2016/8/7,FALSE,2016/7/7 17:00,2016/7/1,8000,100000
20160701-00211,FALSE,108000,2016/7/7,0,2016/8/7,FALSE,2016/7/7 17:00,2016/7/1,8000,100000
20160701-00212,FALSE,108000,2016/7/7,0,2016/8/7,FALSE,2016/7/7 17:00,2016/7/1,8000,100000
20160701-00213,FALSE,108000,2016/7/7,0,2016/8/7,FALSE,2016/7/7 17:00,2016/7/1,8000,100000
20160701-00214,FALSE,108000,2016/7/7,0,2016/8/7,FALSE,2016/7/7 17:00,2016/7/1,8000,100000
20160701-00215,FALSE,108000,2016/7/7,0,2016/8/7,FALSE,2016/7/7 17:00,2016/7/1,8000,100000
20160701-00216,FALSE,108000,2016/7/7,0,2016/8/7,FALSE,2016/7/7 17:00,2016/7/1,8000,100000
20160701-00217,FALSE,108000,2016/7/7,0,2016/8/7,FALSE,2016/7/7 17:00,2016/7/1,8000,100000
20160701-00218,FALSE,108000,2016/7/7,0,2016/8/7,FALSE,2016/7/7 17:00,2016/7/1,8000,100000
20160701-00219,FALSE,108000,2016/7/7,0,2016/8/7,FALSE,2016/7/7 17:00,2016/7/1,8000,100000
20160701-00220,FALSE,108000,2016/7/7,0,2016/8/7,FALSE,2016/7/7 17:00,2016/7/1,8000,100000
20160701-00221,FALSE,108000,2016/7/7,0,2016/8/7,FALSE,2016/7/7 17:00,2016/7/1,8000,100000
20160701-00222,FALSE,108000,2016/7/7,0,2016/8/7,FALSE,2016/7/7 17:00,2016/7/1,8000,100000
20160701-00223,FALSE,108000,2016/7/7,0,2016/8/7,FALSE,2016/7/7 17:00,2016/7/1,8000,100000
20160701-00224,FALSE,108000,2016/7/7,0,2016/8/7,FALSE,2016/7/7 17:00,2016/7/1,8000,100000
20160701-00225,FALSE,108000,2016/7/7,0,2016/8/7,FALSE,2016/7/7 17:00,2016/7/1,8000,100000
20160701-00226,FALSE,108000,2016/7/7,0,2016/8/7,FALSE,2016/7/7 17:00,2016/7/1,8000,100000
20160701-00227,FALSE,108000,2016/7/7,0,2016/8/7,FALSE,2016/7/7 17:00,2016/7/1,8000,100000
20160701-00228,FALSE,108000,2016/7/7,0,2016/8/7,FALSE,2016/7/7 17:00,2016/7/1,8000,100000
20160701-00229,FALSE,108000,2016/7/7,0,2016/8/7,FALSE,2016/7/7 17:00,2016/7/1,8000,100000
20160701-00230,FALSE,108000,2016/7/7,0,2016/8/7,FALSE,2016/7/7 17:00,2016/7/1,8000,100000
20160701-00231,FALSE,108000,2016/7/7,0,2016/8/7,FALSE,2016/7/7 17:00,2016/7/1,8000,100000
20160701-00232,FALSE,108000,2016/7/7,0,2016/8/7,FALSE,2016/7/7 17:00,2016/7/1,8000,100000
20160701-00233,FALSE,108000,2016/7/7,0,2016/8/7,FALSE,2016/7/7 17:00,2016/7/1,8000,100000
20160701-00234,FALSE,108000,2016/7/7,0,2016/8/7,FALSE,2016/7/7 17:00,2016/7/1,8000,100000
20160701-00235,FALSE,108000,2016/7/7,0,2016/8/7,FALSE,2016/7/7 17:00,2016/7/1,8000,100000
20160701-00236,FALSE,108000,2016/7/7,0,2016/8/7,FALSE,2016/7/7 17:00,2016/7/1,8000,100000
20160701-00237,FALSE,108000,2016/7/7,0,2016/8/7,FALSE,2016/7/7 17:00,2016/7/1,8000,100000
20160701-00238,FALSE,108000,2016/7/7,0,2016/8/7,FALSE,2016/7/7 17:00,2016/7/1,8000,100000
20160701-00239,FALSE,108000,2016/7/7,0,2016/8/7,FALSE,2016/7/7 17:00,2016/7/1,8000,100000
20160701-00240,FALSE,108000,2016/7/7,0,2016/8/7,FALSE,2016/7/7 17:00,2016/7/1,8000,100000
20160701-00241,FALSE,108000,2016/7/7,0,2016/8/7,FALSE,2016/7/7 17:00,2016/7/1,8000,100000
20160701-00242,FALSE,108000,2016/7/7,0,2016/8/7,FALSE,2016/7/7 17:00,2016/7/1,8000,100000
20160701-00243,FALSE,108000,2016/7/7,0,2016/8/7,FALSE,2016/7/7 17:00,2016/7/1,8000,100000
20160701-00244,FALSE,108000,2016/7/7,0,2016/8/7,FALSE,2016/7/7 17:00,2016/7/1,8000,100000
20160701-00245,FALSE,108000,2016/7/7,0,2016/8/7,FALSE,2016/7/7 17:00,2016/7/1,8000,100000
20160701-00246,FALSE,108000,2016/7/7,0,2016/8/7,FALSE,2016/7/7 17:00,2016/7/1,8000,100000
20160701-00247,FALSE,108000,2016/7/7,0,2016/8/7,FALSE,2016/7/7 17:00,2016/7/1,8000,100000
20160701-00248,FALSE,108000,2016/7/7,0,2016/8/7,FALSE,2016/7/7 17:00,2016/7/1,8000,100000
20160701-00249,FALSE,108000,2016/7/7,0,2016/8/7,FALSE,2016/7/7 17:00,2016/7/1,8000,100000
20160701-00250,FALSE,108000,2016/7/7,0,2016/8/7,FALSE,2016/7/7 17:00,2016/7/1,8000,100000
20160701-00251,FALSE,108000,2016/7/7,0,2016/8/7,FALSE,2016/7/7 17:00,2016/7/1,8000,100000
20160701-00252,FALSE,108000,2016/7/7,0,2016/8/7,FALSE,2016/7/7 17:00,2016/7/1,8000,100000
20160701-00253,FALSE,108000,2016/7/7,0,2016/8/7,FALSE,2016/7/7 17:00,2016/7/1,8000,100000
20160701-00254,FALSE,108000,2016/7/7,0,2016/8/7,FALSE,2016/7/7 17:00,2016/7/1,8000,100000
20160701-00255,FALSE,108000,2016/7/7,0,2016/8/7,FALSE,2016/7/7 17:00,2016/7/1,8000,100000
20160701-00256,FALSE,108000,2016/7/7,0,2016/8/7,FALSE,2016/7/7 17:00,2016/7/1,8000,100000
20160701-00257,FALSE,108000,2016/7/7,0,2016/8/7,FALSE,2016/7/7 17:00,2016/7/1,8000,100000
20160701-00258,FALSE,108000,2016/7/7,0,2016/8/7,FALSE,2016/7/7 17:00,2016/7/1,8000,100000
20160701-00259,FALSE,108000,2016/7/7,0,2016/8/7,FALSE,2016/7/7 17:00,2016/7/1,8000,100000
20160701-00260,FALSE,108000,2016/7/7,0,2016/8/7,FALSE,2016/7/7 17:00,2016/7/1,8000,100000
20160701-00261,FALSE,108000,2016/7/7,0,2016/8/7,FALSE,2016/7/7 17:00,2016/7/1,8000,100000
20160701-00262,FALSE,108000,2016/7/7,0,2016/8/7,FALSE,2016/7/7 17:00,2016/7/1,8000,100000
20160701-00263,FALSE,108000,2016/7/7,0,2016/8/7,FALSE,2016/7/7 17:00,2016/7/1,8000,100000
20160701-00264,FALSE,108000,2016/7/7,0,2016/8/7,FALSE,2016/7/7 17:00,2016/7/1,8000,100000
20160701-00265,FALSE,108000,2016/7/7,0,2016/8/7,FALSE,2016/7/7 17:00,2016/7/1,8000,100000
20160701-00266,FALSE,108000,2016/7/7,0,2016/8/7,FALSE,2016/7/7 17:00,2016/7/1,8000,100000
20160701-00267,FALSE,108000,2016/7/7,0,2016/8/7,FALSE,2016/7/7 17:00,2016/7/1,8000,100000
20160701-00268,FALSE,108000,2016/7/7,0,2016/8/7,FALSE,2016/7/7 17:00,2016/7/1,8000,100000
20160701-00269,FALSE,108000,2016/7/7,0,2016/8/7,FALSE,2016/7/7 17:00,2016/7/1,8000,100000
20160701-00270,FALSE,108000,2016/7/7,0,2016/8/7,FALSE,2016/7/7 17:00,2016/7/1,8000,100000
20160701-00271,FALSE,108000,2016/7/7,0,2016/8/7,FALSE,2016/7/7 17:00,2016/7/1,8000,100000
20160701-00272,FALSE,108000,2016/7/7,0,2016/8/7,FALSE,2016/7/7 17:00,2016/7/1,8000,100000
20160701-00273,FALSE,108000,2016/7/7,0,2016/8/7,FALSE,2016/7/7 17:00,2016/7/1,8000,100000
20160701-00274,FALSE,108000,2016/7/7,0,2016/8/7,FALSE,2016/7/7 17:00,2016/7/1,8000,100000
20160701-00275,FALSE,108000,2016/7/7,0,2016/8/7,FALSE,2016/7/7 17:00,2016/7/1,8000,100000
20160701-00276,FALSE,108000,2016/7/7,0,2016/8/7,FALSE,2016/7/7 17:00,2016/7/1,8000,100000
20160701-00277,FALSE,108000,2016/7/7,0,2016/8/7,FALSE,2016/7/7 17:00,2016/7/1,8000,100000
20160701-00278,FALSE,108000,2016/7/7,0,2016/8/7,FALSE,2016/7/7 17:00,2016/7/1,8000,100000
20160701-00279,FALSE,108000,2016/7/7,0,2016/8/7,FALSE,2016/7/7 17:00,2016/7/1,8000,100000
20160701-00280,FALSE,108000,2016/7/7,0,2016/8/7,FALSE,2016/7/7 17:00,2016/7/1,8000,100000
20160701-00281,FALSE,108000,2016/7/7,0,2016/8/7,FALSE,2016/7/7 17:00,2016/7/1,8000,100000
20160701-00282,FALSE,108000,2016/7/7,0,2016/8/7,FALSE,2016/7/7 17:00,2016/7/1,8000,100000
20160701-00283,FALSE,108000,2016/7/7,0,2016/8/7,FALSE,2016/7/7 17:00,2016/7/1,8000,100000
20160701-00284,FALSE,108000,2016/7/7,0,2016/8/7,FALSE,2016/7/7 17:00,2016/7/1,8000,100000
20160701-00285,FALSE,108000,2016/7/7,0,2016/8/7,FALSE,2016/7/7 17:00,2016/7/1,8000,100000
20160701-00286,FALSE,108000,2016/7/7,0,2016/8/7,FALSE,2016/7/7 17:00,2016/7/1,8000,100000
20160701-00287,FALSE,108000,2016/7/7,0,2016/8/7,FALSE,2016/7/7 17:00,2016/7/1,8000,100000
20160701-00288,FALSE,108000,2016/7/7,0,2016/8/7,FALSE,2016/7/7 17:00,2016/7/1,8000,100000
20160701-00289,FALSE,108000,2016/7/7,0,2016/8/7,FALSE,2016/7/7 17:00,2016/7/1,8000,100000
20160701-00290,FALSE,108000,2016/7/7,0,2016/8/7,FALSE,2016/7/7 17:00,2016/7/1,8000,100000
20160701-00291,FALSE,108000,2016/7/7,0,2016/8/7,FALSE,2016/7/7 17:00,2016/7/1,8000,100000
20160701-00292,FALSE,108000,2016/7/7,0,2016/8/7,FALSE,2016/7/7 17:00,2016/7/1,8000,100000
20160701-00293,FALSE,108000,2016/7/7,0,2016/8/7,FALSE,2016/7/7 17:00,2016/7/1,8000,100000
20160701-00294,FALSE,108000,2016/7/7,0,2016/8/7,FALSE,2016/7/7 17:00,2016/7/1,8000,100000
20160701-00295,FALSE,108000,2016/7/7,0,2016/8/7,FALSE,2016/7/7 17:00,2016/7/1,8000,100000
20160701-00296,FALSE,108000,2016/7/7,0,2016/8/7,FALSE,2016/7/7 17:00,2016/7/1,8000,100000
20160701-00297,FALSE,108000,2016/7/7,0,2016/8/7,FALSE,2016/7/7 17:00,2016/7/1,8000,100000
20160701-00298,FALSE,108000,2016/7/7,0,2016/8/7,FALSE,2016/7/7 17:00,2016/7/1,8000,100000
20160701-00299,FALSE,108000,2016/7/7,0,2016/8/7,FALSE,2016/7/7 17:00,2016/7/1,8000,100000
20160701-00300,FALSE,108000,2016/7/7,0,2016/8/7,FALSE,2016/7/7 17:00,2016/7/1,8000,100000
20160701-00301,FALSE,108000,2016/7/7,0,2016/8/7,FALSE,2016/7/7 17:00,2016/7/1,8000,100000
20160701-00302,FALSE,108000,2016/7/7,0,2016/8/7,FALSE,2016/7/7 17:00,2016/7/1,8000,100000
20160701-00303,FALSE,108000,2016/7/7,0,2016/8/7,FALSE,2016/7/7 17:00,2016/7/1,8000,100000
20160701-00304,FALSE,108000,2016/7/7,0,2016/8/7,FALSE,2016/7/7 17:00,2016/7/1,8000,100000
20160701-00305,FALSE,108000,2016/7/7,0,2016/8/7,FALSE,2016/7/7 17:00,2016/7/1,8000,100000
20160701-00306,FALSE,108000,2016/7/7,0,2016/8/7,FALSE,2016/7/7 17:00,2016/7/1,8000,100000
20160701-00307,FALSE,108000,2016/7/7,0,2016/8/7,FALSE,2016/7/7 17:00,2016/7/1,8000,100000
20160701-00308,FALSE,108000,2016/7/7,0,2016/8/7,FALSE,2016/7/7 17:00,2016/7/1,8000,100000
20160701-00309,FALSE,108000,2016/7/7,0,2016/8/7,FALSE,2016/7/7 17:00,2016/7/1,8000,100000
20160701-00310,FALSE,108000,2016/7/7,0,2016/8/7,FALSE,2016/7/7 17:00,2016/7/1,8000,100000
20160701-00311,FALSE,108000,2016/7/7,0,2016/8/7,FALSE,2016/7/7 17:00,2016/7/1,8000,100000
20160701-00312,FALSE,108000,2016/7/7,0,2016/8/7,FALSE,2016/7/7 17:00,2016/7/1,8000,100000
20160701-00313,FALSE,108000,2016/7/7,0,2016/8/7,FALSE,2016/7/7 17:00,2016/7/1,8000,100000
20160701-00314,FALSE,108000,2016/7/7,0,2016/8/7,FALSE,2016/7/7 17:00,2016/7/1,8000,100000
20160701-00315,FALSE,108000,2016/7/7,0,2016/8/7,FALSE,2016/7/7 17:00,2016/7/1,8000,100000
20160701-00316,FALSE,108000,2016/7/7,0,2016/8/7,FALSE,2016/7/7 17:00,2016/7/1,8000,100000
20160701-00317,FALSE,108000,2016/7/7,0,2016/8/7,FALSE,2016/7/7 17:00,2016/7/1,8000,100000
20160701-00318,FALSE,108000,2016/7/7,0,2016/8/7,FALSE,2016/7/7 17:00,2016/7/1,8000,100000
20160701-00319,FALSE,108000,2016/7/7,0,2016/8/7,FALSE,2016/7/7 17:00,2016/7/1,8000,100000
20160701-00320,FALSE,108000,2016/7/7,0,2016/8/7,FALSE,2016/7/7 17:00,2016/7/1,8000,100000
20160701-00321,FALSE,108000,2016/7/7,0,2016/8/7,FALSE,2016/7/7 17:00,2016/7/1,8000,100000
20160701-00322,FALSE,108000,2016/7/7,0,2016/8/7,FALSE,2016/7/7 17:00,2016/7/1,8000,100000
20160701-00323,FALSE,108000,2016/7/7,0,2016/8/7,FALSE,2016/7/7 17:00,2016/7/1,8000,100000
20160701-00324,FALSE,108000,2016/7/7,0,2016/8/7,FALSE,2016/7/7 17:00,2016/7/1,8000,100000
20160701-00325,FALSE,108000,2016/7/7,0,2016/8/7,FALSE,2016/7/7 17:00,2016/7/1,8000,100000
20160701-00326,FALSE,108000,2016/7/7,0,2016/8/7,FALSE,2016/7/7 17:00,2016/7/1,8000,100000
20160701-00327,FALSE,108000,2016/7/7,0,2016/8/7,FALSE,2016/7/7 17:00,2016/7/1,8000,100000
20160701-00328,FALSE,108000,2016/7/7,0,2016/8/7,FALSE,2016/7/7 17:00,2016/7/1,8000,100000
20160701-00329,FALSE,108000,2016/7/7,0,2016/8/7,FALSE,2016/7/7 17:00,2016/7/1,8000,100000
20160701-00330,FALSE,108000,2016/7/7,0,2016/8/7,FALSE,2016/7/7 17:00,2016/7/1,8000,100000
20160701-00331,FALSE,108000,2016/7/7,0,2016/8/7,FALSE,2016/7/7 17:00,2016/7/1,8000,100000
20160701-00332,FALSE,108000,2016/7/7,0,2016/8/7,FALSE,2016/7/7 17:00,2016/7/1,8000,100000
20160701-00333,FALSE,108000,2016/7/7,0,2016/8/7,FALSE,2016/7/7 17:00,2016/7/1,8000,100000
20160701-00334,FALSE,108000,2016/7/7,0,2016/8/7,FALSE,2016/7/7 17:00,2016/7/1,8000,100000
20160701-00335,FALSE,108000,2016/7/7,0,2016/8/7,FALSE,2016/7/7 17:00,2016/7/1,8000,100000
20160701-00336,FALSE,108000,2016/7/7,0,2016/8/7,FALSE,2016/7/7 17:00,2016/7/1,8000,100000
20160701-00337,FALSE,108000,2016/7/7,0,2016/8/7,FALSE,2016/7/7 17:00,2016/7/1,8000,100000
20160701-00338,FALSE,108000,2016/7/7,0,2016/8/7,FALSE,2016/7/7 17:00,2016/7/1,8000,100000
20160701-00339,FALSE,108000,2016/7/7,0,2016/8/7,FALSE,2016/7/7 17:00,2016/7/1,8000,100000
20160701-00340,FALSE,108000,2016/7/7,0,2016/8/7,FALSE,2016/7/7 17:00,2016/7/1,8000,100000
20160701-00341,FALSE,108000,2016/7/7,0,2016/8/7,FALSE,2016/7/7 17:00,2016/7/1,8000,100000
20160701-00342,FALSE,108000,2016/7/7,0,2016/8/7,FALSE,2016/7/7 17:00,2016/7/1,8000,100000
20160701-00343,FALSE,108000,2016/7/7,0,2016/8/7,FALSE,2016/7/7 17:00,2016/7/1,8000,100000
20160701-00344,FALSE,108000,2016/7/7,0,2016/8/7,FALSE,2016/7/7 17:00,2016/7/1,8000,100000
20160701-00345,FALSE,108000,2016/7/7,0,2016/8/7,FALSE,2016/7/7 17:00,2016/7/1,8000,100000
20160701-00346,FALSE,108000,2016/7/7,0,2016/8/7,FALSE,2016/7/7 17:00,2016/7/1,8000,100000
20160701-00347,FALSE,108000,2016/7/7,0,2016/8/7,FALSE,2016/7/7 17:00,2016/7/1,8000,100000
20160701-00348,FALSE,108000,2016/7/7,0,2016/8/7,FALSE,2016/7/7 17:00,2016/7/1,8000,100000
20160701-00349,FALSE,108000,2016/7/7,0,2016/8/7,FALSE,2016/7/7 17:00,2016/7/1,8000,100000
20160701-00350,FALSE,108000,2016/7/7,0,2016/8/7,FALSE,2016/7/7 17:00,2016/7/1,8000,100000
20160701-00351,FALSE,108000,2016/7/7,0,2016/8/7,FALSE,2016/7/7 17:00,2016/7/1,8000,100000
20160701-00352,FALSE,108000,2016/7/7,0,2016/8/7,FALSE,2016/7/7 17:00,2016/7/1,8000,100000
20160701-00353,FALSE,108000,2016/7/7,0,2016/8/7,FALSE,2016/7/7 17:00,2016/7/1,8000,100000
20160701-00354,FALSE,108000,2016/7/7,0,2016/8/7,FALSE,2016/7/7 17:00,2016/7/1,8000,100000
20160701-00355,FALSE,108000,2016/7/7,0,2016/8/7,FALSE,2016/7/7 17:00,2016/7/1,8000,100000
20160701-00356,FALSE,108000,2016/7/7,0,2016/8/7,FALSE,2016/7/7 17:00,2016/7/1,8000,100000
20160701-00357,FALSE,108000,2016/7/7,0,2016/8/7,FALSE,2016/7/7 17:00,2016/7/1,8000,100000
20160701-00358,FALSE,108000,2016/7/7,0,2016/8/7,FALSE,2016/7/7 17:00,2016/7/1,8000,100000
20160701-00359,FALSE,108000,2016/7/7,0,2016/8/7,FALSE,2016/7/7 17:00,2016/7/1,8000,100000
20160701-00360,FALSE,108000,2016/7/7,0,2016/8/7,FALSE,2016/7/7 17:00,2016/7/1,8000,100000
20160701-00361,FALSE,108000,2016/7/7,0,2016/8/7,FALSE,2016/7/7 17:00,2016/7/1,8000,100000
20160701-00362,FALSE,108000,2016/7/7,0,2016/8/7,FALSE,2016/7/7 17:00,2016/7/1,8000,100000
20160701-00363,FALSE,108000,2016/7/7,0,2016/8/7,FALSE,2016/7/7 17:00,2016/7/1,8000,100000
20160701-00364,FALSE,108000,2016/7/7,0,2016/8/7,FALSE,2016/7/7 17:00,2016/7/1,8000,100000
20160701-00365,FALSE,108000,2016/7/7,0,2016/8/7,FALSE,2016/7/7 17:00,2016/7/1,8000,100000
20160701-00366,FALSE,108000,2016/7/7,0,2016/8/7,FALSE,2016/7/7 17:00,2016/7/1,8000,100000
20160701-00367,FALSE,108000,2016/7/7,0,2016/8/7,FALSE,2016/7/7 17:00,2016/7/1,8000,100000
20160701-00368,FALSE,108000,2016/7/7,0,2016/8/7,FALSE,2016/7/7 17:00,2016/7/1,8000,100000
20160701-00369,FALSE,108000,2016/7/7,0,2016/8/7,FALSE,2016/7/7 17:00,2016/7/1,8000,100000
20160701-00370,FALSE,108000,2016/7/7,0,2016/8/7,FALSE,2016/7/7 17:00,2016/7/1,8000,100000
20160701-00371,FALSE,108000,2016/7/7,0,2016/8/7,FALSE,2016/7/7 17:00,2016/7/1,8000,100000
20160701-00372,FALSE,108000,2016/7/7,0,2016/8/7,FALSE,2016/7/7 17:00,2016/7/1,8000,100000
20160701-00373,FALSE,108000,2016/7/7,0,2016/8/7,FALSE,2016/7/7 17:00,2016/7/1,8000,100000
20160701-00374,FALSE,108000,2016/7/7,0,2016/8/7,FALSE,2016/7/7 17:00,2016/7/1,8000,100000
20160701-00375,FALSE,108000,2016/7/7,0,2016/8/7,FALSE,2016/7/7 17:00,2016/7/1,8000,100000
20160701-00376,FALSE,108000,2016/7/7,0,2016/8/7,FALSE,2016/7/7 17:00,2016/7/1,8000,100000
20160701-00377,FALSE,108000,2016/7/7,0,2016/8/7,FALSE,2016/7/7 17:00,2016/7/1,8000,100000
20160701-00378,FALSE,108000,2016/7/7,0,2016/8/7,FALSE,2016/7/7 17:00,2016/7/1,8000,100000
20160701-00379,FALSE,108000,2016/7/7,0,2016/8/7,FALSE,2016/7/7 17:00,2016/7/1,8000,100000
20160701-00380,FALSE,108000,2016/7/7,0,2016/8/7,FALSE,2016/7/7 17:00,2016/7/1,8000,100000
20160701-00381,FALSE,108000,2016/7/7,0,2016/8/7,FALSE,2016/7/7 17:00,2016/7/1,8000,100000
20160701-00382,FALSE,108000,2016/7/7,0,2016/8/7,FALSE,2016/7/7 17:00,2016/7/1,8000,100000
20160701-00383,FALSE,108000,2016/7/7,0,2016/8/7,FALSE,2016/7/7 17:00,2016/7/1,8000,100000
20160701-00384,FALSE,108000,2016/7/7,0,2016/8/7,FALSE,2016/7/7 17:00,2016/7/1,8000,100000
20160701-00385,FALSE,108000,2016/7/7,0,2016/8/7,FALSE,2016/7/7 17:00,2016/7/1,8000,100000
20160701-00386,FALSE,108000,2016/7/7,0,2016/8/7,FALSE,2016/7/7 17:00,2016/7/1,8000,100000
20160701-00387,FALSE,108000,2016/7/7,0,2016/8/7,FALSE,2016/7/7 17:00,2016/7/1,8000,100000
20160701-00388,FALSE,108000,2016/7/7,0,2016/8/7,FALSE,2016/7/7 17:00,2016/7/1,8000,100000
20160701-00389,FALSE,108000,2016/7/7,0,2016/8/7,FALSE,2016/7/7 17:00,2016/7/1,8000,100000
20160701-00390,FALSE,108000,2016/7/7,0,2016/8/7,FALSE,2016/7/7 17:00,2016/7/1,8000,100000
20160701-00391,FALSE,108000,2016/7/7,0,2016/8/7,FALSE,2016/7/7 17:00,2016/7/1,8000,100000
20160701-00392,FALSE,108000,2016/7/7,0,2016/8/7,FALSE,2016/7/7 17:00,2016/7/1,8000,100000
20160701-00393,FALSE,108000,2016/7/7,0,2016/8/7,FALSE,2016/7/7 17:00,2016/7/1,8000,100000
20160701-00394,FALSE,108000,2016/7/7,0,2016/8/7,FALSE,2016/7/7 17:00,2016/7/1,8000,100000
20160701-00395,FALSE,108000,2016/7/7,0,2016/8/7,FALSE,2016/7/7 17:00,2016/7/1,8000,100000
20160701-00396,FALSE,108000,2016/7/7,0,2016/8/7,FALSE,2016/7/7 17:00,2016/7/1,8000,100000
20160701-00397,FALSE,108000,2016/7/7,0,2016/8/7,FALSE,2016/7/7 17:00,2016/7/1,8000,100000
20160701-00398,FALSE,108000,2016/7/7,0,2016/8/7,FALSE,2016/7/7 17:00,2016/7/1,8000,100000
20160701-00399,FALSE,108000,2016/7/7,0,2016/8/7,FALSE,2016/7/7 17:00,2016/7/1,8000,100000
20160701-00400,FALSE,108000,2016/7/7,0,2016/8/7,FALSE,2016/7/7 17:00,2016/7/1,8000,100000
20160701-00401,FALSE,108000,2016/7/7,0,2016/8/7,FALSE,2016/7/7 17:00,2016/7/1,8000,100000
20160701-00402,FALSE,108000,2016/7/7,0,2016/8/7,FALSE,2016/7/7 17:00,2016/7/1,8000,100000
20160701-00403,FALSE,108000,2016/7/7,0,2016/8/7,FALSE,2016/7/7 17:00,2016/7/1,8000,100000
20160701-00404,FALSE,108000,2016/7/7,0,2016/8/7,FALSE,2016/7/7 17:00,2016/7/1,8000,100000
20160701-00405,FALSE,108000,2016/7/7,0,2016/8/7,FALSE,2016/7/7 17:00,2016/7/1,8000,100000
20160701-00406,FALSE,108000,2016/7/7,0,2016/8/7,FALSE,2016/7/7 17:00,2016/7/1,8000,100000
20160701-00407,FALSE,108000,2016/7/7,0,2016/8/7,FALSE,2016/7/7 17:00,2016/7/1,8000,100000
20160701-00408,FALSE,108000,2016/7/7,0,2016/8/7,FALSE,2016/7/7 17:00,2016/7/1,8000,100000
20160701-00409,FALSE,108000,2016/7/7,0,2016/8/7,FALSE,2016/7/7 17:00,2016/7/1,8000,100000
20160701-00410,FALSE,108000,2016/7/7,0,2016/8/7,FALSE,2016/7/7 17:00,2016/7/1,8000,100000
20160701-00411,FALSE,108000,2016/7/7,0,2016/8/7,FALSE,2016/7/7 17:00,2016/7/1,8000,100000
20160701-00412,FALSE,108000,2016/7/7,0,2016/8/7,FALSE,2016/7/7 17:00,2016/7/1,8000,100000
20160701-00413,FALSE,108000,2016/7/7,0,2016/8/7,FALSE,2016/7/7 17:00,2016/7/1,8000,100000
20160701-00414,FALSE,108000,2016/7/7,0,2016/8/7,FALSE,2016/7/7 17:00,2016/7/1,8000,100000
20160701-00415,FALSE,108000,2016/7/7,0,2016/8/7,FALSE,2016/7/7 17:00,2016/7/1,8000,100000
20160701-00416,FALSE,108000,2016/7/7,0,2016/8/7,FALSE,2016/7/7 17:00,2016/7/1,8000,100000
20160701-00417,FALSE,108000,2016/7/7,0,2016/8/7,FALSE,2016/7/7 17:00,2016/7/1,8000,100000
20160701-00418,FALSE,108000,2016/7/7,0,2016/8/7,FALSE,2016/7/7 17:00,2016/7/1,8000,100000
20160701-00419,FALSE,108000,2016/7/7,0,2016/8/7,FALSE,2016/7/7 17:00,2016/7/1,8000,100000
20160701-00420,FALSE,108000,2016/7/7,0,2016/8/7,FALSE,2016/7/7 17:00,2016/7/1,8000,100000
20160701-00421,FALSE,108000,2016/7/7,0,2016/8/7,FALSE,2016/7/7 17:00,2016/7/1,8000,100000
20160701-00422,FALSE,108000,2016/7/7,0,2016/8/7,FALSE,2016/7/7 17:00,2016/7/1,8000,100000
20160701-00423,FALSE,108000,2016/7/7,0,2016/8/7,FALSE,2016/7/7 17:00,2016/7/1,8000,100000
20160701-00424,FALSE,108000,2016/7/7,0,2016/8/7,FALSE,2016/7/7 17:00,2016/7/1,8000,100000
20160701-00425,FALSE,108000,2016/7/7,0,2016/8/7,FALSE,2016/7/7 17:00,2016/7/1,8000,100000
20160701-00426,FALSE,108000,2016/7/7,0,2016/8/7,FALSE,2016/7/7 17:00,2016/7/1,8000,100000
20160701-00427,FALSE,108000,2016/7/7,0,2016/8/7,FALSE,2016/7/7 17:00,2016/7/1,8000,100000
20160701-00428,FALSE,108000,2016/7/7,0,2016/8/7,FALSE,2016/7/7 17:00,2016/7/1,8000,100000
20160701-00429,FALSE,108000,2016/7/7,0,2016/8/7,FALSE,2016/7/7 17:00,2016/7/1,8000,100000
20160701-00430,FALSE,108000,2016/7/7,0,2016/8/7,FALSE,2016/7/7 17:00,2016/7/1,8000,100000
20160701-00431,FALSE,108000,2016/7/7,0,2016/8/7,FALSE,2016/7/7 17:00,2016/7/1,8000,100000
20160701-00432,FALSE,108000,2016/7/7,0,2016/8/7,FALSE,2016/7/7 17:00,2016/7/1,8000,100000
20160701-00433,FALSE,108000,2016/7/7,0,2016/8/7,FALSE,2016/7/7 17:00,2016/7/1,8000,100000
20160701-00434,FALSE,108000,2016/7/7,0,2016/8/7,FALSE,2016/7/7 17:00,2016/7/1,8000,100000
20160701-00435,FALSE,108000,2016/7/7,0,2016/8/7,FALSE,2016/7/7 17:00,2016/7/1,8000,100000
20160701-00436,FALSE,108000,2016/7/7,0,2016/8/7,FALSE,2016/7/7 17:00,2016/7/1,8000,100000
20160701-00437,FALSE,108000,2016/7/7,0,2016/8/7,FALSE,2016/7/7 17:00,2016/7/1,8000,100000
20160701-00438,FALSE,108000,2016/7/7,0,2016/8/7,FALSE,2016/7/7 17:00,2016/7/1,8000,100000
20160701-00439,FALSE,108000,2016/7/7,0,2016/8/7,FALSE,2016/7/7 17:00,2016/7/1,8000,100000
20160701-00440,FALSE,108000,2016/7/7,0,2016/8/7,FALSE,2016/7/7 17:00,2016/7/1,8000,100000
20160701-00441,FALSE,108000,2016/7/7,0,2016/8/7,FALSE,2016/7/7 17:00,2016/7/1,8000,100000
20160701-00442,FALSE,108000,2016/7/7,0,2016/8/7,FALSE,2016/7/7 17:00,2016/7/1,8000,100000
20160701-00443,FALSE,108000,2016/7/7,0,2016/8/7,FALSE,2016/7/7 17:00,2016/7/1,8000,100000
20160701-00444,FALSE,108000,2016/7/7,0,2016/8/7,FALSE,2016/7/7 17:00,2016/7/1,8000,100000
20160701-00445,FALSE,108000,2016/7/7,0,2016/8/7,FALSE,2016/7/7 17:00,2016/7/1,8000,100000
20160701-00446,FALSE,108000,2016/7/7,0,2016/8/7,FALSE,2016/7/7 17:00,2016/7/1,8000,100000
20160701-00447,FALSE,108000,2016/7/7,0,2016/8/7,FALSE,2016/7/7 17:00,2016/7/1,8000,100000
20160701-00448,FALSE,108000,2016/7/7,0,2016/8/7,FALSE,2016/7/7 17:00,2016/7/1,8000,100000
20160701-00449,FALSE,108000,2016/7/7,0,2016/8/7,FALSE,2016/7/7 17:00,2016/7/1,8000,100000
20160701-00450,FALSE,108000,2016/7/7,0,2016/8/7,FALSE,2016/7/7 17:00,2016/7/1,8000,100000
20160701-00451,FALSE,108000,2016/7/7,0,2016/8/7,FALSE,2016/7/7 17:00,2016/7/1,8000,100000
20160701-00452,FALSE,108000,2016/7/7,0,2016/8/7,FALSE,2016/7/7 17:00,2016/7/1,8000,100000
20160701-00453,FALSE,108000,2016/7/7,0,2016/8/7,FALSE,2016/7/7 17:00,2016/7/1,8000,100000
20160701-00454,FALSE,108000,2016/7/7,0,2016/8/7,FALSE,2016/7/7 17:00,2016/7/1,8000,100000
20160701-00455,FALSE,108000,2016/7/7,0,2016/8/7,FALSE,2016/7/7 17:00,2016/7/1,8000,100000
20160701-00456,FALSE,108000,2016/7/7,0,2016/8/7,FALSE,2016/7/7 17:00,2016/7/1,8000,100000
20160701-00457,FALSE,108000,2016/7/7,0,2016/8/7,FALSE,2016/7/7 17:00,2016/7/1,8000,100000
20160701-00458,FALSE,108000,2016/7/7,0,2016/8/7,FALSE,2016/7/7 17:00,2016/7/1,8000,100000
20160701-00459,FALSE,108000,2016/7/7,0,2016/8/7,FALSE,2016/7/7 17:00,2016/7/1,8000,100000
20160701-00460,FALSE,108000,2016/7/7,0,2016/8/7,FALSE,2016/7/7 17:00,2016/7/1,8000,100000
20160701-00461,FALSE,108000,2016/7/7,0,2016/8/7,FALSE,2016/7/7 17:00,2016/7/1,8000,100000
20160701-00462,FALSE,108000,2016/7/7,0,2016/8/7,FALSE,2016/7/7 17:00,2016/7/1,8000,100000
20160701-00463,FALSE,108000,2016/7/7,0,2016/8/7,FALSE,2016/7/7 17:00,2016/7/1,8000,100000
20160701-00464,FALSE,108000,2016/7/7,0,2016/8/7,FALSE,2016/7/7 17:00,2016/7/1,8000,100000
20160701-00465,FALSE,108000,2016/7/7,0,2016/8/7,FALSE,2016/7/7 17:00,2016/7/1,8000,100000
20160701-00466,FALSE,108000,2016/7/7,0,2016/8/7,FALSE,2016/7/7 17:00,2016/7/1,8000,100000
20160701-00467,FALSE,108000,2016/7/7,0,2016/8/7,FALSE,2016/7/7 17:00,2016/7/1,8000,100000
20160701-00468,FALSE,108000,2016/7/7,0,2016/8/7,FALSE,2016/7/7 17:00,2016/7/1,8000,100000
20160701-00469,FALSE,108000,2016/7/7,0,2016/8/7,FALSE,2016/7/7 17:00,2016/7/1,8000,100000
20160701-00470,FALSE,108000,2016/7/7,0,2016/8/7,FALSE,2016/7/7 17:00,2016/7/1,8000,100000
20160701-00471,FALSE,108000,2016/7/7,0,2016/8/7,FALSE,2016/7/7 17:00,2016/7/1,8000,100000
20160701-00472,FALSE,108000,2016/7/7,0,2016/8/7,FALSE,2016/7/7 17:00,2016/7/1,8000,100000
20160701-00473,FALSE,108000,2016/7/7,0,2016/8/7,FALSE,2016/7/7 17:00,2016/7/1,8000,100000
20160701-00474,FALSE,108000,2016/7/7,0,2016/8/7,FALSE,2016/7/7 17:00,2016/7/1,8000,100000
20160701-00475,FALSE,108000,2016/7/7,0,2016/8/7,FALSE,2016/7/7 17:00,2016/7/1,8000,100000
20160701-00476,FALSE,108000,2016/7/7,0,2016/8/7,FALSE,2016/7/7 17:00,2016/7/1,8000,100000
20160701-00477,FALSE,108000,2016/7/7,0,2016/8/7,FALSE,2016/7/7 17:00,2016/7/1,8000,100000
20160701-00478,FALSE,108000,2016/7/7,0,2016/8/7,FALSE,2016/7/7 17:00,2016/7/1,8000,100000
20160701-00479,FALSE,108000,2016/7/7,0,2016/8/7,FALSE,2016/7/7 17:00,2016/7/1,8000,100000
20160701-00480,FALSE,108000,2016/7/7,0,2016/8/7,FALSE,2016/7/7 17:00,2016/7/1,8000,100000
20160701-00481,FALSE,108000,2016/7/7,0,2016/8/7,FALSE,2016/7/7 17:00,2016/7/1,8000,100000
20160701-00482,FALSE,108000,2016/7/7,0,2016/8/7,FALSE,2016/7/7 17:00,2016/7/1,8000,100000
20160701-00483,FALSE,108000,2016/7/7,0,2016/8/7,FALSE,2016/7/7 17:00,2016/7/1,8000,100000
20160701-00484,FALSE,108000,2016/7/7,0,2016/8/7,FALSE,2016/7/7 17:00,2016/7/1,8000,100000
20160701-00485,FALSE,108000,2016/7/7,0,2016/8/7,FALSE,2016/7/7 17:00,2016/7/1,8000,100000
20160701-00486,FALSE,108000,2016/7/7,0,2016/8/7,FALSE,2016/7/7 17:00,2016/7/1,8000,100000
20160701-00487,FALSE,108000,2016/7/7,0,2016/8/7,FALSE,2016/7/7 17:00,2016/7/1,8000,100000
20160701-00488,FALSE,108000,2016/7/7,0,2016/8/7,FALSE,2016/7/7 17:00,2016/7/1,8000,100000
20160701-00489,FALSE,108000,2016/7/7,0,2016/8/7,FALSE,2016/7/7 17:00,2016/7/1,8000,100000
20160701-00490,FALSE,108000,2016/7/7,0,2016/8/7,FALSE,2016/7/7 17:00,2016/7/1,8000,100000
20160701-00491,FALSE,108000,2016/7/7,0,2016/8/7,FALSE,2016/7/7 17:00,2016/7/1,8000,100000
20160701-00492,FALSE,108000,2016/7/7,0,2016/8/7,FALSE,2016/7/7 17:00,2016/7/1,8000,100000
20160701-00493,FALSE,108000,2016/7/7,0,2016/8/7,FALSE,2016/7/7 17:00,2016/7/1,8000,100000
20160701-00494,FALSE,108000,2016/7/7,0,2016/8/7,FALSE,2016/7/7 17:00,2016/7/1,8000,100000
20160701-00495,FALSE,108000,2016/7/7,0,2016/8/7,FALSE,2016/7/7 17:00,2016/7/1,8000,100000
20160701-00496,FALSE,108000,2016/7/7,0,2016/8/7,FALSE,2016/7/7 17:00,2016/7/1,8000,100000
20160701-00497,FALSE,108000,2016/7/7,0,2016/8/7,FALSE,2016/7/7 17:00,2016/7/1,8000,100000
20160701-00498,FALSE,108000,2016/7/7,0,2016/8/7,FALSE,2016/7/7 17:00,2016/7/1,8000,100000
20160701-00499,FALSE,108000,2016/7/7,0,2016/8/7,FALSE,2016/7/7 17:00,2016/7/1,8000,100000
20160701-00500,FALSE,108000,2016/7/7,0,2016/8/7,FALSE,2016/7/7 17:00,2016/7/1,8000,100000
20160701-00501,FALSE,108000,2016/7/7,0,2016/8/7,FALSE,2016/7/7 17:00,2016/7/1,8000,100000
20160701-00502,FALSE,108000,2016/7/7,0,2016/8/7,FALSE,2016/7/7 17:00,2016/7/1,8000,100000
20160701-00503,FALSE,108000,2016/7/7,0,2016/8/7,FALSE,2016/7/7 17:00,2016/7/1,8000,100000
20160701-00504,FALSE,108000,2016/7/7,0,2016/8/7,FALSE,2016/7/7 17:00,2016/7/1,8000,100000
20160701-00505,FALSE,108000,2016/7/7,0,2016/8/7,FALSE,2016/7/7 17:00,2016/7/1,8000,100000
20160701-00506,FALSE,108000,2016/7/7,0,2016/8/7,FALSE,2016/7/7 17:00,2016/7/1,8000,100000
20160701-00507,FALSE,108000,2016/7/7,0,2016/8/7,FALSE,2016/7/7 17:00,2016/7/1,8000,100000
20160701-00508,FALSE,108000,2016/7/7,0,2016/8/7,FALSE,2016/7/7 17:00,2016/7/1,8000,100000
20160701-00509,FALSE,108000,2016/7/7,0,2016/8/7,FALSE,2016/7/7 17:00,2016/7/1,8000,100000
20160701-00510,FALSE,108000,2016/7/7,0,2016/8/7,FALSE,2016/7/7 17:00,2016/7/1,8000,100000
20160701-00511,FALSE,108000,2016/7/7,0,2016/8/7,FALSE,2016/7/7 17:00,2016/7/1,8000,100000
20160701-00512,FALSE,108000,2016/7/7,0,2016/8/7,FALSE,2016/7/7 17:00,2016/7/1,8000,100000
20160701-00513,FALSE,108000,2016/7/7,0,2016/8/7,FALSE,2016/7/7 17:00,2016/7/1,8000,100000
20160701-00514,FALSE,108000,2016/7/7,0,2016/8/7,FALSE,2016/7/7 17:00,2016/7/1,8000,100000
20160701-00515,FALSE,108000,2016/7/7,0,2016/8/7,FALSE,2016/7/7 17:00,2016/7/1,8000,100000
20160701-00516,FALSE,108000,2016/7/7,0,2016/8/7,FALSE,2016/7/7 17:00,2016/7/1,8000,100000
20160701-00517,FALSE,108000,2016/7/7,0,2016/8/7,FALSE,2016/7/7 17:00,2016/7/1,8000,100000
20160701-00518,FALSE,108000,2016/7/7,0,2016/8/7,FALSE,2016/7/7 17:00,2016/7/1,8000,100000
20160701-00519,FALSE,108000,2016/7/7,0,2016/8/7,FALSE,2016/7/7 17:00,2016/7/1,8000,100000
20160701-00520,FALSE,108000,2016/7/7,0,2016/8/7,FALSE,2016/7/7 17:00,2016/7/1,8000,100000
20160701-00521,FALSE,108000,2016/7/7,0,2016/8/7,FALSE,2016/7/7 17:00,2016/7/1,8000,100000
20160701-00522,FALSE,108000,2016/7/7,0,2016/8/7,FALSE,2016/7/7 17:00,2016/7/1,8000,100000
20160701-00523,FALSE,108000,2016/7/7,0,2016/8/7,FALSE,2016/7/7 17:00,2016/7/1,8000,100000
20160701-00524,FALSE,108000,2016/7/7,0,2016/8/7,FALSE,2016/7/7 17:00,2016/7/1,8000,100000
20160701-00525,FALSE,108000,2016/7/7,0,2016/8/7,FALSE,2016/7/7 17:00,2016/7/1,8000,100000
20160701-00526,FALSE,108000,2016/7/7,0,2016/8/7,FALSE,2016/7/7 17:00,2016/7/1,8000,100000
20160701-00527,FALSE,108000,2016/7/7,0,2016/8/7,FALSE,2016/7/7 17:00,2016/7/1,8000,100000
20160701-00528,FALSE,108000,2016/7/7,0,2016/8/7,FALSE,2016/7/7 17:00,2016/7/1,8000,100000
20160701-00529,FALSE,108000,2016/7/7,0,2016/8/7,FALSE,2016/7/7 17:00,2016/7/1,8000,100000
20160701-00530,FALSE,108000,2016/7/7,0,2016/8/7,FALSE,2016/7/7 17:00,2016/7/1,8000,100000
20160701-00531,FALSE,108000,2016/7/7,0,2016/8/7,FALSE,2016/7/7 17:00,2016/7/1,8000,100000
20160701-00532,FALSE,108000,2016/7/7,0,2016/8/7,FALSE,2016/7/7 17:00,2016/7/1,8000,100000
20160701-00533,FALSE,108000,2016/7/7,0,2016/8/7,FALSE,2016/7/7 17:00,2016/7/1,8000,100000
20160701-00534,FALSE,108000,2016/7/7,0,2016/8/7,FALSE,2016/7/7 17:00,2016/7/1,8000,100000
20160701-00535,FALSE,108000,2016/7/7,0,2016/8/7,FALSE,2016/7/7 17:00,2016/7/1,8000,100000
20160701-00536,FALSE,108000,2016/7/7,0,2016/8/7,FALSE,2016/7/7 17:00,2016/7/1,8000,100000
20160701-00537,FALSE,108000,2016/7/7,0,2016/8/7,FALSE,2016/7/7 17:00,2016/7/1,8000,100000
20160701-00538,FALSE,108000,2016/7/7,0,2016/8/7,FALSE,2016/7/7 17:00,2016/7/1,8000,100000
20160701-00539,FALSE,108000,2016/7/7,0,2016/8/7,FALSE,2016/7/7 17:00,2016/7/1,8000,100000
20160701-00540,FALSE,108000,2016/7/7,0,2016/8/7,FALSE,2016/7/7 17:00,2016/7/1,8000,100000
20160701-00541,FALSE,108000,2016/7/7,0,2016/8/7,FALSE,2016/7/7 17:00,2016/7/1,8000,100000
20160701-00542,FALSE,108000,2016/7/7,0,2016/8/7,FALSE,2016/7/7 17:00,2016/7/1,8000,100000
20160701-00543,FALSE,108000,2016/7/7,0,2016/8/7,FALSE,2016/7/7 17:00,2016/7/1,8000,100000
20160701-00544,FALSE,108000,2016/7/7,0,2016/8/7,FALSE,2016/7/7 17:00,2016/7/1,8000,100000
20160701-00545,FALSE,108000,2016/7/7,0,2016/8/7,FALSE,2016/7/7 17:00,2016/7/1,8000,100000
20160701-00546,FALSE,108000,2016/7/7,0,2016/8/7,FALSE,2016/7/7 17:00,2016/7/1,8000,100000
20160701-00547,FALSE,108000,2016/7/7,0,2016/8/7,FALSE,2016/7/7 17:00,2016/7/1,8000,100000
20160701-00548,FALSE,108000,2016/7/7,0,2016/8/7,FALSE,2016/7/7 17:00,2016/7/1,8000,100000
20160701-00549,FALSE,108000,2016/7/7,0,2016/8/7,FALSE,2016/7/7 17:00,2016/7/1,8000,100000
20160701-00550,FALSE,108000,2016/7/7,0,2016/8/7,FALSE,2016/7/7 17:00,2016/7/1,8000,100000
20160701-00551,FALSE,108000,2016/7/7,0,2016/8/7,FALSE,2016/7/7 17:00,2016/7/1,8000,100000
20160701-00552,FALSE,108000,2016/7/7,0,2016/8/7,FALSE,2016/7/7 17:00,2016/7/1,8000,100000
20160701-00553,FALSE,108000,2016/7/7,0,2016/8/7,FALSE,2016/7/7 17:00,2016/7/1,8000,100000
20160701-00554,FALSE,108000,2016/7/7,0,2016/8/7,FALSE,2016/7/7 17:00,2016/7/1,8000,100000
20160701-00555,FALSE,108000,2016/7/7,0,2016/8/7,FALSE,2016/7/7 17:00,2016/7/1,8000,100000
20160701-00556,FALSE,108000,2016/7/7,0,2016/8/7,FALSE,2016/7/7 17:00,2016/7/1,8000,100000
20160701-00557,FALSE,108000,2016/7/7,0,2016/8/7,FALSE,2016/7/7 17:00,2016/7/1,8000,100000
20160701-00558,FALSE,108000,2016/7/7,0,2016/8/7,FALSE,2016/7/7 17:00,2016/7/1,8000,100000
20160701-00559,FALSE,108000,2016/7/7,0,2016/8/7,FALSE,2016/7/7 17:00,2016/7/1,8000,100000
20160701-00560,FALSE,108000,2016/7/7,0,2016/8/7,FALSE,2016/7/7 17:00,2016/7/1,8000,100000
20160701-00561,FALSE,108000,2016/7/7,0,2016/8/7,FALSE,2016/7/7 17:00,2016/7/1,8000,100000
20160701-00562,FALSE,108000,2016/7/7,0,2016/8/7,FALSE,2016/7/7 17:00,2016/7/1,8000,100000
20160701-00563,FALSE,108000,2016/7/7,0,2016/8/7,FALSE,2016/7/7 17:00,2016/7/1,8000,100000
20160701-00564,FALSE,108000,2016/7/7,0,2016/8/7,FALSE,2016/7/7 17:00,2016/7/1,8000,100000
20160701-00565,FALSE,108000,2016/7/7,0,2016/8/7,FALSE,2016/7/7 17:00,2016/7/1,8000,100000
20160701-00566,FALSE,108000,2016/7/7,0,2016/8/7,FALSE,2016/7/7 17:00,2016/7/1,8000,100000
20160701-00567,FALSE,108000,2016/7/7,0,2016/8/7,FALSE,2016/7/7 17:00,2016/7/1,8000,100000
20160701-00568,FALSE,108000,2016/7/7,0,2016/8/7,FALSE,2016/7/7 17:00,2016/7/1,8000,100000
20160701-00569,FALSE,108000,2016/7/7,0,2016/8/7,FALSE,2016/7/7 17:00,2016/7/1,8000,100000
20160701-00570,FALSE,108000,2016/7/7,0,2016/8/7,FALSE,2016/7/7 17:00,2016/7/1,8000,100000
20160701-00571,FALSE,108000,2016/7/7,0,2016/8/7,FALSE,2016/7/7 17:00,2016/7/1,8000,100000
20160701-00572,FALSE,108000,2016/7/7,0,2016/8/7,FALSE,2016/7/7 17:00,2016/7/1,8000,100000
20160701-00573,FALSE,108000,2016/7/7,0,2016/8/7,FALSE,2016/7/7 17:00,2016/7/1,8000,100000
20160701-00574,FALSE,108000,2016/7/7,0,2016/8/7,FALSE,2016/7/7 17:00,2016/7/1,8000,100000
20160701-00575,FALSE,108000,2016/7/7,0,2016/8/7,FALSE,2016/7/7 17:00,2016/7/1,8000,100000
20160701-00576,FALSE,108000,2016/7/7,0,2016/8/7,FALSE,2016/7/7 17:00,2016/7/1,8000,100000
20160701-00577,FALSE,108000,2016/7/7,0,2016/8/7,FALSE,2016/7/7 17:00,2016/7/1,8000,100000
20160701-00578,FALSE,108000,2016/7/7,0,2016/8/7,FALSE,2016/7/7 17:00,2016/7/1,8000,100000
20160701-00579,FALSE,108000,2016/7/7,0,2016/8/7,FALSE,2016/7/7 17:00,2016/7/1,8000,100000
20160701-00580,FALSE,108000,2016/7/7,0,2016/8/7,FALSE,2016/7/7 17:00,2016/7/1,8000,100000
20160701-00581,FALSE,108000,2016/7/7,0,2016/8/7,FALSE,2016/7/7 17:00,2016/7/1,8000,100000
20160701-00582,FALSE,108000,2016/7/7,0,2016/8/7,FALSE,2016/7/7 17:00,2016/7/1,8000,100000
20160701-00583,FALSE,108000,2016/7/7,0,2016/8/7,FALSE,2016/7/7 17:00,2016/7/1,8000,100000
20160701-00584,FALSE,108000,2016/7/7,0,2016/8/7,FALSE,2016/7/7 17:00,2016/7/1,8000,100000
20160701-00585,FALSE,108000,2016/7/7,0,2016/8/7,FALSE,2016/7/7 17:00,2016/7/1,8000,100000
20160701-00586,FALSE,108000,2016/7/7,0,2016/8/7,FALSE,2016/7/7 17:00,2016/7/1,8000,100000
20160701-00587,FALSE,108000,2016/7/7,0,2016/8/7,FALSE,2016/7/7 17:00,2016/7/1,8000,100000
20160701-00588,FALSE,108000,2016/7/7,0,2016/8/7,FALSE,2016/7/7 17:00,2016/7/1,8000,100000
20160701-00589,FALSE,108000,2016/7/7,0,2016/8/7,FALSE,2016/7/7 17:00,2016/7/1,8000,100000
20160701-00590,FALSE,108000,2016/7/7,0,2016/8/7,FALSE,2016/7/7 17:00,2016/7/1,8000,100000
20160701-00591,FALSE,108000,2016/7/7,0,2016/8/7,FALSE,2016/7/7 17:00,2016/7/1,8000,100000
20160701-00592,FALSE,108000,2016/7/7,0,2016/8/7,FALSE,2016/7/7 17:00,2016/7/1,8000,100000
20160701-00593,FALSE,108000,2016/7/7,0,2016/8/7,FALSE,2016/7/7 17:00,2016/7/1,8000,100000
20160701-00594,FALSE,108000,2016/7/7,0,2016/8/7,FALSE,2016/7/7 17:00,2016/7/1,8000,100000
20160701-00595,FALSE,108000,2016/7/7,0,2016/8/7,FALSE,2016/7/7 17:00,2016/7/1,8000,100000
20160701-00596,FALSE,108000,2016/7/7,0,2016/8/7,FALSE,2016/7/7 17:00,2016/7/1,8000,100000
20160701-00597,FALSE,108000,2016/7/7,0,2016/8/7,FALSE,2016/7/7 17:00,2016/7/1,8000,100000
20160701-00598,FALSE,108000,2016/7/7,0,2016/8/7,FALSE,2016/7/7 17:00,2016/7/1,8000,100000
20160701-00599,FALSE,108000,2016/7/7,0,2016/8/7,FALSE,2016/7/7 17:00,2016/7/1,8000,100000
20160701-00600,FALSE,108000,2016/7/7,0,2016/8/7,FALSE,2016/7/7 17:00,2016/7/1,8000,100000
20160701-00601,FALSE,108000,2016/7/7,0,2016/8/7,FALSE,2016/7/7 17:00,2016/7/1,8000,100000
20160701-00602,FALSE,108000,2016/7/7,0,2016/8/7,FALSE,2016/7/7 17:00,2016/7/1,8000,100000
20160701-00603,FALSE,108000,2016/7/7,0,2016/8/7,FALSE,2016/7/7 17:00,2016/7/1,8000,100000
20160701-00604,FALSE,108000,2016/7/7,0,2016/8/7,FALSE,2016/7/7 17:00,2016/7/1,8000,100000
20160701-00605,FALSE,108000,2016/7/7,0,2016/8/7,FALSE,2016/7/7 17:00,2016/7/1,8000,100000
20160701-00606,FALSE,108000,2016/7/7,0,2016/8/7,FALSE,2016/7/7 17:00,2016/7/1,8000,100000
20160701-00607,FALSE,108000,2016/7/7,0,2016/8/7,FALSE,2016/7/7 17:00,2016/7/1,8000,100000
20160701-00608,FALSE,108000,2016/7/7,0,2016/8/7,FALSE,2016/7/7 17:00,2016/7/1,8000,100000
20160701-00609,FALSE,108000,2016/7/7,0,2016/8/7,FALSE,2016/7/7 17:00,2016/7/1,8000,100000
20160701-00610,FALSE,108000,2016/7/7,0,2016/8/7,FALSE,2016/7/7 17:00,2016/7/1,8000,100000
20160701-00611,FALSE,108000,2016/7/7,0,2016/8/7,FALSE,2016/7/7 17:00,2016/7/1,8000,100000
20160701-00612,FALSE,108000,2016/7/7,0,2016/8/7,FALSE,2016/7/7 17:00,2016/7/1,8000,100000
20160701-00613,FALSE,108000,2016/7/7,0,2016/8/7,FALSE,2016/7/7 17:00,2016/7/1,8000,100000
20160701-00614,FALSE,108000,2016/7/7,0,2016/8/7,FALSE,2016/7/7 17:00,2016/7/1,8000,100000
20160701-00615,FALSE,108000,2016/7/7,0,2016/8/7,FALSE,2016/7/7 17:00,2016/7/1,8000,100000
20160701-00616,FALSE,108000,2016/7/7,0,2016/8/7,FALSE,2016/7/7 17:00,2016/7/1,8000,100000
20160701-00617,FALSE,108000,2016/7/7,0,2016/8/7,FALSE,2016/7/7 17:00,2016/7/1,8000,100000
20160701-00618,FALSE,108000,2016/7/7,0,2016/8/7,FALSE,2016/7/7 17:00,2016/7/1,8000,100000
20160701-00619,FALSE,108000,2016/7/7,0,2016/8/7,FALSE,2016/7/7 17:00,2016/7/1,8000,100000
20160701-00620,FALSE,108000,2016/7/7,0,2016/8/7,FALSE,2016/7/7 17:00,2016/7/1,8000,100000
20160701-00621,FALSE,108000,2016/7/7,0,2016/8/7,FALSE,2016/7/7 17:00,2016/7/1,8000,100000
20160701-00622,FALSE,108000,2016/7/7,0,2016/8/7,FALSE,2016/7/7 17:00,2016/7/1,8000,100000
20160701-00623,FALSE,108000,2016/7/7,0,2016/8/7,FALSE,2016/7/7 17:00,2016/7/1,8000,100000
20160701-00624,FALSE,108000,2016/7/7,0,2016/8/7,FALSE,2016/7/7 17:00,2016/7/1,8000,100000
20160701-00625,FALSE,108000,2016/7/7,0,2016/8/7,FALSE,2016/7/7 17:00,2016/7/1,8000,100000
20160701-00626,FALSE,108000,2016/7/7,0,2016/8/7,FALSE,2016/7/7 17:00,2016/7/1,8000,100000
20160701-00627,FALSE,108000,2016/7/7,0,2016/8/7,FALSE,2016/7/7 17:00,2016/7/1,8000,100000
20160701-00628,FALSE,108000,2016/7/7,0,2016/8/7,FALSE,2016/7/7 17:00,2016/7/1,8000,100000
20160701-00629,FALSE,108000,2016/7/7,0,2016/8/7,FALSE,2016/7/7 17:00,2016/7/1,8000,100000
20160701-00630,FALSE,108000,2016/7/7,0,2016/8/7,FALSE,2016/7/7 17:00,2016/7/1,8000,100000
20160701-00631,FALSE,108000,2016/7/7,0,2016/8/7,FALSE,2016/7/7 17:00,2016/7/1,8000,100000
20160701-00632,FALSE,108000,2016/7/7,0,2016/8/7,FALSE,2016/7/7 17:00,2016/7/1,8000,100000
20160701-00633,FALSE,108000,2016/7/7,0,2016/8/7,FALSE,2016/7/7 17:00,2016/7/1,8000,100000
20160701-00634,FALSE,108000,2016/7/7,0,2016/8/7,FALSE,2016/7/7 17:00,2016/7/1,8000,100000
20160701-00635,FALSE,108000,2016/7/7,0,2016/8/7,FALSE,2016/7/7 17:00,2016/7/1,8000,100000
20160701-00636,FALSE,108000,2016/7/7,0,2016/8/7,FALSE,2016/7/7 17:00,2016/7/1,8000,100000
20160701-00637,FALSE,108000,2016/7/7,0,2016/8/7,FALSE,2016/7/7 17:00,2016/7/1,8000,100000
20160701-00638,FALSE,108000,2016/7/7,0,2016/8/7,FALSE,2016/7/7 17:00,2016/7/1,8000,100000
20160701-00639,FALSE,108000,2016/7/7,0,2016/8/7,FALSE,2016/7/7 17:00,2016/7/1,8000,100000
20160701-00640,FALSE,108000,2016/7/7,0,2016/8/7,FALSE,2016/7/7 17:00,2016/7/1,8000,100000
20160701-00641,FALSE,108000,2016/7/7,0,2016/8/7,FALSE,2016/7/7 17:00,2016/7/1,8000,100000
20160701-00642,FALSE,108000,2016/7/7,0,2016/8/7,FALSE,2016/7/7 17:00,2016/7/1,8000,100000
20160701-00643,FALSE,108000,2016/7/7,0,2016/8/7,FALSE,2016/7/7 17:00,2016/7/1,8000,100000
20160701-00644,FALSE,108000,2016/7/7,0,2016/8/7,FALSE,2016/7/7 17:00,2016/7/1,8000,100000
20160701-00645,FALSE,108000,2016/7/7,0,2016/8/7,FALSE,2016/7/7 17:00,2016/7/1,8000,100000
20160701-00646,FALSE,108000,2016/7/7,0,2016/8/7,FALSE,2016/7/7 17:00,2016/7/1,8000,100000
20160701-00647,FALSE,108000,2016/7/7,0,2016/8/7,FALSE,2016/7/7 17:00,2016/7/1,8000,100000
20160701-00648,FALSE,108000,2016/7/7,0,2016/8/7,FALSE,2016/7/7 17:00,2016/7/1,8000,100000
20160701-00649,FALSE,108000,2016/7/7,0,2016/8/7,FALSE,2016/7/7 17:00,2016/7/1,8000,100000
20160701-00650,FALSE,108000,2016/7/7,0,2016/8/7,FALSE,2016/7/7 17:00,2016/7/1,8000,100000
20160701-00651,FALSE,108000,2016/7/7,0,2016/8/7,FALSE,2016/7/7 17:00,2016/7/1,8000,100000
20160701-00652,FALSE,108000,2016/7/7,0,2016/8/7,FALSE,2016/7/7 17:00,2016/7/1,8000,100000
20160701-00653,FALSE,108000,2016/7/7,0,2016/8/7,FALSE,2016/7/7 17:00,2016/7/1,8000,100000
20160701-00654,FALSE,108000,2016/7/7,0,2016/8/7,FALSE,2016/7/7 17:00,2016/7/1,8000,100000
20160701-00655,FALSE,108000,2016/7/7,0,2016/8/7,FALSE,2016/7/7 17:00,2016/7/1,8000,100000
20160701-00656,FALSE,108000,2016/7/7,0,2016/8/7,FALSE,2016/7/7 17:00,2016/7/1,8000,100000
20160701-00657,FALSE,108000,2016/7/7,0,2016/8/7,FALSE,2016/7/7 17:00,2016/7/1,8000,100000
20160701-00658,FALSE,108000,2016/7/7,0,2016/8/7,FALSE,2016/7/7 17:00,2016/7/1,8000,100000
20160701-00659,FALSE,108000,2016/7/7,0,2016/8/7,FALSE,2016/7/7 17:00,2016/7/1,8000,100000
20160701-00660,FALSE,108000,2016/7/7,0,2016/8/7,FALSE,2016/7/7 17:00,2016/7/1,8000,100000
20160701-00661,FALSE,108000,2016/7/7,0,2016/8/7,FALSE,2016/7/7 17:00,2016/7/1,8000,100000
20160701-00662,FALSE,108000,2016/7/7,0,2016/8/7,FALSE,2016/7/7 17:00,2016/7/1,8000,100000
20160701-00663,FALSE,108000,2016/7/7,0,2016/8/7,FALSE,2016/7/7 17:00,2016/7/1,8000,100000
20160701-00664,FALSE,108000,2016/7/7,0,2016/8/7,FALSE,2016/7/7 17:00,2016/7/1,8000,100000
20160701-00665,FALSE,108000,2016/7/7,0,2016/8/7,FALSE,2016/7/7 17:00,2016/7/1,8000,100000
20160701-00666,FALSE,108000,2016/7/7,0,2016/8/7,FALSE,2016/7/7 17:00,2016/7/1,8000,100000
20160701-00667,FALSE,108000,2016/7/7,0,2016/8/7,FALSE,2016/7/7 17:00,2016/7/1,8000,100000
20160701-00668,FALSE,108000,2016/7/7,0,2016/8/7,FALSE,2016/7/7 17:00,2016/7/1,8000,100000
20160701-00669,FALSE,108000,2016/7/7,0,2016/8/7,FALSE,2016/7/7 17:00,2016/7/1,8000,100000
20160701-00670,FALSE,108000,2016/7/7,0,2016/8/7,FALSE,2016/7/7 17:00,2016/7/1,8000,100000
20160701-00671,FALSE,108000,2016/7/7,0,2016/8/7,FALSE,2016/7/7 17:00,2016/7/1,8000,100000
20160701-00672,FALSE,108000,2016/7/7,0,2016/8/7,FALSE,2016/7/7 17:00,2016/7/1,8000,100000
20160701-00673,FALSE,108000,2016/7/7,0,2016/8/7,FALSE,2016/7/7 17:00,2016/7/1,8000,100000
20160701-00674,FALSE,108000,2016/7/7,0,2016/8/7,FALSE,2016/7/7 17:00,2016/7/1,8000,100000
20160701-00675,FALSE,108000,2016/7/7,0,2016/8/7,FALSE,2016/7/7 17:00,2016/7/1,8000,100000
20160701-00676,FALSE,108000,2016/7/7,0,2016/8/7,FALSE,2016/7/7 17:00,2016/7/1,8000,100000
20160701-00677,FALSE,108000,2016/7/7,0,2016/8/7,FALSE,2016/7/7 17:00,2016/7/1,8000,100000
20160701-00678,FALSE,108000,2016/7/7,0,2016/8/7,FALSE,2016/7/7 17:00,2016/7/1,8000,100000
20160701-00679,FALSE,108000,2016/7/7,0,2016/8/7,FALSE,2016/7/7 17:00,2016/7/1,8000,100000
20160701-00680,FALSE,108000,2016/7/7,0,2016/8/7,FALSE,2016/7/7 17:00,2016/7/1,8000,100000
20160701-00681,FALSE,108000,2016/7/7,0,2016/8/7,FALSE,2016/7/7 17:00,2016/7/1,8000,100000
20160701-00682,FALSE,108000,2016/7/7,0,2016/8/7,FALSE,2016/7/7 17:00,2016/7/1,8000,100000
20160701-00683,FALSE,108000,2016/7/7,0,2016/8/7,FALSE,2016/7/7 17:00,2016/7/1,8000,100000
20160701-00684,FALSE,108000,2016/7/7,0,2016/8/7,FALSE,2016/7/7 17:00,2016/7/1,8000,100000
20160701-00685,FALSE,108000,2016/7/7,0,2016/8/7,FALSE,2016/7/7 17:00,2016/7/1,8000,100000
20160701-00686,FALSE,108000,2016/7/7,0,2016/8/7,FALSE,2016/7/7 17:00,2016/7/1,8000,100000
20160701-00687,FALSE,108000,2016/7/7,0,2016/8/7,FALSE,2016/7/7 17:00,2016/7/1,8000,100000
20160701-00688,FALSE,108000,2016/7/7,0,2016/8/7,FALSE,2016/7/7 17:00,2016/7/1,8000,100000
20160701-00689,FALSE,108000,2016/7/7,0,2016/8/7,FALSE,2016/7/7 17:00,2016/7/1,8000,100000
20160701-00690,FALSE,108000,2016/7/7,0,2016/8/7,FALSE,2016/7/7 17:00,2016/7/1,8000,100000
20160701-00691,FALSE,108000,2016/7/7,0,2016/8/7,FALSE,2016/7/7 17:00,2016/7/1,8000,100000
20160701-00692,FALSE,108000,2016/7/7,0,2016/8/7,FALSE,2016/7/7 17:00,2016/7/1,8000,100000
20160701-00693,FALSE,108000,2016/7/7,0,2016/8/7,FALSE,2016/7/7 17:00,2016/7/1,8000,100000
20160701-00694,FALSE,108000,2016/7/7,0,2016/8/7,FALSE,2016/7/7 17:00,2016/7/1,8000,100000
20160701-00695,FALSE,108000,2016/7/7,0,2016/8/7,FALSE,2016/7/7 17:00,2016/7/1,8000,100000
20160701-00696,FALSE,108000,2016/7/7,0,2016/8/7,FALSE,2016/7/7 17:00,2016/7/1,8000,100000
20160701-00697,FALSE,108000,2016/7/7,0,2016/8/7,FALSE,2016/7/7 17:00,2016/7/1,8000,100000
20160701-00698,FALSE,108000,2016/7/7,0,2016/8/7,FALSE,2016/7/7 17:00,2016/7/1,8000,100000
20160701-00699,FALSE,108000,2016/7/7,0,2016/8/7,FALSE,2016/7/7 17:00,2016/7/1,8000,100000
20160701-00700,FALSE,108000,2016/7/7,0,2016/8/7,FALSE,2016/7/7 17:00,2016/7/1,8000,100000
20160701-00701,FALSE,108000,2016/7/7,0,2016/8/7,FALSE,2016/7/7 17:00,2016/7/1,8000,100000
20160701-00702,FALSE,108000,2016/7/7,0,2016/8/7,FALSE,2016/7/7 17:00,2016/7/1,8000,100000
20160701-00703,FALSE,108000,2016/7/7,0,2016/8/7,FALSE,2016/7/7 17:00,2016/7/1,8000,100000
20160701-00704,FALSE,108000,2016/7/7,0,2016/8/7,FALSE,2016/7/7 17:00,2016/7/1,8000,100000
20160701-00705,FALSE,108000,2016/7/7,0,2016/8/7,FALSE,2016/7/7 17:00,2016/7/1,8000,100000
20160701-00706,FALSE,108000,2016/7/7,0,2016/8/7,FALSE,2016/7/7 17:00,2016/7/1,8000,100000
20160701-00707,FALSE,108000,2016/7/7,0,2016/8/7,FALSE,2016/7/7 17:00,2016/7/1,8000,100000
20160701-00708,FALSE,108000,2016/7/7,0,2016/8/7,FALSE,2016/7/7 17:00,2016/7/1,8000,100000
20160701-00709,FALSE,108000,2016/7/7,0,2016/8/7,FALSE,2016/7/7 17:00,2016/7/1,8000,100000
20160701-00710,FALSE,108000,2016/7/7,0,2016/8/7,FALSE,2016/7/7 17:00,2016/7/1,8000,100000
20160701-00711,FALSE,108000,2016/7/7,0,2016/8/7,FALSE,2016/7/7 17:00,2016/7/1,8000,100000
20160701-00712,FALSE,108000,2016/7/7,0,2016/8/7,FALSE,2016/7/7 17:00,2016/7/1,8000,100000
20160701-00713,FALSE,108000,2016/7/7,0,2016/8/7,FALSE,2016/7/7 17:00,2016/7/1,8000,100000
20160701-00714,FALSE,108000,2016/7/7,0,2016/8/7,FALSE,2016/7/7 17:00,2016/7/1,8000,100000
20160701-00715,FALSE,108000,2016/7/7,0,2016/8/7,FALSE,2016/7/7 17:00,2016/7/1,8000,100000
20160701-00716,FALSE,108000,2016/7/7,0,2016/8/7,FALSE,2016/7/7 17:00,2016/7/1,8000,100000
20160701-00717,FALSE,108000,2016/7/7,0,2016/8/7,FALSE,2016/7/7 17:00,2016/7/1,8000,100000
20160701-00718,FALSE,108000,2016/7/7,0,2016/8/7,FALSE,2016/7/7 17:00,2016/7/1,8000,100000
20160701-00719,FALSE,108000,2016/7/7,0,2016/8/7,FALSE,2016/7/7 17:00,2016/7/1,8000,100000
20160701-00720,FALSE,108000,2016/7/7,0,2016/8/7,FALSE,2016/7/7 17:00,2016/7/1,8000,100000
20160701-00721,FALSE,108000,2016/7/7,0,2016/8/7,FALSE,2016/7/7 17:00,2016/7/1,8000,100000
20160701-00722,FALSE,108000,2016/7/7,0,2016/8/7,FALSE,2016/7/7 17:00,2016/7/1,8000,100000
20160701-00723,FALSE,108000,2016/7/7,0,2016/8/7,FALSE,2016/7/7 17:00,2016/7/1,8000,100000
20160701-00724,FALSE,108000,2016/7/7,0,2016/8/7,FALSE,2016/7/7 17:00,2016/7/1,8000,100000
20160701-00725,FALSE,108000,2016/7/7,0,2016/8/7,FALSE,2016/7/7 17:00,2016/7/1,8000,100000
20160701-00726,FALSE,108000,2016/7/7,0,2016/8/7,FALSE,2016/7/7 17:00,2016/7/1,8000,100000
20160701-00727,FALSE,108000,2016/7/7,0,2016/8/7,FALSE,2016/7/7 17:00,2016/7/1,8000,100000
20160701-00728,FALSE,108000,2016/7/7,0,2016/8/7,FALSE,2016/7/7 17:00,2016/7/1,8000,100000
20160701-00729,FALSE,108000,2016/7/7,0,2016/8/7,FALSE,2016/7/7 17:00,2016/7/1,8000,100000
20160701-00730,FALSE,108000,2016/7/7,0,2016/8/7,FALSE,2016/7/7 17:00,2016/7/1,8000,100000
20160701-00731,FALSE,108000,2016/7/7,0,2016/8/7,FALSE,2016/7/7 17:00,2016/7/1,8000,100000
20160701-00732,FALSE,108000,2016/7/7,0,2016/8/7,FALSE,2016/7/7 17:00,2016/7/1,8000,100000
20160701-00733,FALSE,108000,2016/7/7,0,2016/8/7,FALSE,2016/7/7 17:00,2016/7/1,8000,100000
20160701-00734,FALSE,108000,2016/7/7,0,2016/8/7,FALSE,2016/7/7 17:00,2016/7/1,8000,100000
20160701-00735,FALSE,108000,2016/7/7,0,2016/8/7,FALSE,2016/7/7 17:00,2016/7/1,8000,100000
20160701-00736,FALSE,108000,2016/7/7,0,2016/8/7,FALSE,2016/7/7 17:00,2016/7/1,8000,100000
20160701-00737,FALSE,108000,2016/7/7,0,2016/8/7,FALSE,2016/7/7 17:00,2016/7/1,8000,100000
20160701-00738,FALSE,108000,2016/7/7,0,2016/8/7,FALSE,2016/7/7 17:00,2016/7/1,8000,100000
20160701-00739,FALSE,108000,2016/7/7,0,2016/8/7,FALSE,2016/7/7 17:00,2016/7/1,8000,100000
20160701-00740,FALSE,108000,2016/7/7,0,2016/8/7,FALSE,2016/7/7 17:00,2016/7/1,8000,100000
20160701-00741,FALSE,108000,2016/7/7,0,2016/8/7,FALSE,2016/7/7 17:00,2016/7/1,8000,100000
20160701-00742,FALSE,108000,2016/7/7,0,2016/8/7,FALSE,2016/7/7 17:00,2016/7/1,8000,100000
20160701-00743,FALSE,108000,2016/7/7,0,2016/8/7,FALSE,2016/7/7 17:00,2016/7/1,8000,100000
20160701-00744,FALSE,108000,2016/7/7,0,2016/8/7,FALSE,2016/7/7 17:00,2016/7/1,8000,100000
20160701-00745,FALSE,108000,2016/7/7,0,2016/8/7,FALSE,2016/7/7 17:00,2016/7/1,8000,100000
20160701-00746,FALSE,108000,2016/7/7,0,2016/8/7,FALSE,2016/7/7 17:00,2016/7/1,8000,100000
20160701-00747,FALSE,108000,2016/7/7,0,2016/8/7,FALSE,2016/7/7 17:00,2016/7/1,8000,100000
20160701-00748,FALSE,108000,2016/7/7,0,2016/8/7,FALSE,2016/7/7 17:00,2016/7/1,8000,100000
20160701-00749,FALSE,108000,2016/7/7,0,2016/8/7,FALSE,2016/7/7 17:00,2016/7/1,8000,100000
20160701-00750,FALSE,108000,2016/7/7,0,2016/8/7,FALSE,2016/7/7 17:00,2016/7/1,8000,100000
20160701-00751,FALSE,108000,2016/7/7,0,2016/8/7,FALSE,2016/7/7 17:00,2016/7/1,8000,100000
20160701-00752,FALSE,108000,2016/7/7,0,2016/8/7,FALSE,2016/7/7 17:00,2016/7/1,8000,100000
20160701-00753,FALSE,108000,2016/7/7,0,2016/8/7,FALSE,2016/7/7 17:00,2016/7/1,8000,100000
20160701-00754,FALSE,108000,2016/7/7,0,2016/8/7,FALSE,2016/7/7 17:00,2016/7/1,8000,100000
20160701-00755,FALSE,108000,2016/7/7,0,2016/8/7,FALSE,2016/7/7 17:00,2016/7/1,8000,100000
20160701-00756,FALSE,108000,2016/7/7,0,2016/8/7,FALSE,2016/7/7 17:00,2016/7/1,8000,100000
20160701-00757,FALSE,108000,2016/7/7,0,2016/8/7,FALSE,2016/7/7 17:00,2016/7/1,8000,100000
20160701-00758,FALSE,108000,2016/7/7,0,2016/8/7,FALSE,2016/7/7 17:00,2016/7/1,8000,100000
20160701-00759,FALSE,108000,2016/7/7,0,2016/8/7,FALSE,2016/7/7 17:00,2016/7/1,8000,100000
20160701-00760,FALSE,108000,2016/7/7,0,2016/8/7,FALSE,2016/7/7 17:00,2016/7/1,8000,100000
20160701-00761,FALSE,108000,2016/7/7,0,2016/8/7,FALSE,2016/7/7 17:00,2016/7/1,8000,100000
20160701-00762,FALSE,108000,2016/7/7,0,2016/8/7,FALSE,2016/7/7 17:00,2016/7/1,8000,100000
20160701-00763,FALSE,108000,2016/7/7,0,2016/8/7,FALSE,2016/7/7 17:00,2016/7/1,8000,100000
20160701-00764,FALSE,108000,2016/7/7,0,2016/8/7,FALSE,2016/7/7 17:00,2016/7/1,8000,100000
20160701-00765,FALSE,108000,2016/7/7,0,2016/8/7,FALSE,2016/7/7 17:00,2016/7/1,8000,100000
20160701-00766,FALSE,108000,2016/7/7,0,2016/8/7,FALSE,2016/7/7 17:00,2016/7/1,8000,100000
20160701-00767,FALSE,108000,2016/7/7,0,2016/8/7,FALSE,2016/7/7 17:00,2016/7/1,8000,100000
20160701-00768,FALSE,108000,2016/7/7,0,2016/8/7,FALSE,2016/7/7 17:00,2016/7/1,8000,100000
20160701-00769,FALSE,108000,2016/7/7,0,2016/8/7,FALSE,2016/7/7 17:00,2016/7/1,8000,100000
20160701-00770,FALSE,108000,2016/7/7,0,2016/8/7,FALSE,2016/7/7 17:00,2016/7/1,8000,100000
20160701-00771,FALSE,108000,2016/7/7,0,2016/8/7,FALSE,2016/7/7 17:00,2016/7/1,8000,100000
20160701-00772,FALSE,108000,2016/7/7,0,2016/8/7,FALSE,2016/7/7 17:00,2016/7/1,8000,100000
20160701-00773,FALSE,108000,2016/7/7,0,2016/8/7,FALSE,2016/7/7 17:00,2016/7/1,8000,100000
20160701-00774,FALSE,108000,2016/7/7,0,2016/8/7,FALSE,2016/7/7 17:00,2016/7/1,8000,100000
20160701-00775,FALSE,108000,2016/7/7,0,2016/8/7,FALSE,2016/7/7 17:00,2016/7/1,8000,100000
20160701-00776,FALSE,108000,2016/7/7,0,2016/8/7,FALSE,2016/7/7 17:00,2016/7/1,8000,100000
20160701-00777,FALSE,108000,2016/7/7,0,2016/8/7,FALSE,2016/7/7 17:00,2016/7/1,8000,100000
20160701-00778,FALSE,108000,2016/7/7,0,2016/8/7,FALSE,2016/7/7 17:00,2016/7/1,8000,100000
20160701-00779,FALSE,108000,2016/7/7,0,2016/8/7,FALSE,2016/7/7 17:00,2016/7/1,8000,100000
20160701-00780,FALSE,108000,2016/7/7,0,2016/8/7,FALSE,2016/7/7 17:00,2016/7/1,8000,100000
20160701-00781,FALSE,108000,2016/7/7,0,2016/8/7,FALSE,2016/7/7 17:00,2016/7/1,8000,100000
20160701-00782,FALSE,108000,2016/7/7,0,2016/8/7,FALSE,2016/7/7 17:00,2016/7/1,8000,100000
20160701-00783,FALSE,108000,2016/7/7,0,2016/8/7,FALSE,2016/7/7 17:00,2016/7/1,8000,100000
20160701-00784,FALSE,108000,2016/7/7,0,2016/8/7,FALSE,2016/7/7 17:00,2016/7/1,8000,100000
20160701-00785,FALSE,108000,2016/7/7,0,2016/8/7,FALSE,2016/7/7 17:00,2016/7/1,8000,100000
20160701-00786,FALSE,108000,2016/7/7,0,2016/8/7,FALSE,2016/7/7 17:00,2016/7/1,8000,100000
20160701-00787,FALSE,108000,2016/7/7,0,2016/8/7,FALSE,2016/7/7 17:00,2016/7/1,8000,100000
20160701-00788,FALSE,108000,2016/7/7,0,2016/8/7,FALSE,2016/7/7 17:00,2016/7/1,8000,100000
20160701-00789,FALSE,108000,2016/7/7,0,2016/8/7,FALSE,2016/7/7 17:00,2016/7/1,8000,100000
20160701-00790,FALSE,108000,2016/7/7,0,2016/8/7,FALSE,2016/7/7 17:00,2016/7/1,8000,100000
20160701-00791,FALSE,108000,2016/7/7,0,2016/8/7,FALSE,2016/7/7 17:00,2016/7/1,8000,100000
20160701-00792,FALSE,108000,2016/7/7,0,2016/8/7,FALSE,2016/7/7 17:00,2016/7/1,8000,100000
20160701-00793,FALSE,108000,2016/7/7,0,2016/8/7,FALSE,2016/7/7 17:00,2016/7/1,8000,100000
20160701-00794,FALSE,108000,2016/7/7,0,2016/8/7,FALSE,2016/7/7 17:00,2016/7/1,8000,100000
20160701-00795,FALSE,108000,2016/7/7,0,2016/8/7,FALSE,2016/7/7 17:00,2016/7/1,8000,100000
20160701-00796,FALSE,108000,2016/7/7,0,2016/8/7,FALSE,2016/7/7 17:00,2016/7/1,8000,100000
20160701-00797,FALSE,108000,2016/7/7,0,2016/8/7,FALSE,2016/7/7 17:00,2016/7/1,8000,100000
20160701-00798,FALSE,108000,2016/7/7,0,2016/8/7,FALSE,2016/7/7 17:00,2016/7/1,8000,100000
20160701-00799,FALSE,108000,2016/7/7,0,2016/8/7,FALSE,2016/7/7 17:00,2016/7/1,8000,100000
20160701-00800,FALSE,108000,2016/7/7,0,2016/8/7,FALSE,2016/7/7 17:00,2016/7/1,8000,100000
20160701-00801,FALSE,108000,2016/7/7,0,2016/8/7,FALSE,2016/7/7 17:00,2016/7/1,8000,100000
20160701-00802,FALSE,108000,2016/7/7,0,2016/8/7,FALSE,2016/7/7 17:00,2016/7/1,8000,100000
20160701-00803,FALSE,108000,2016/7/7,0,2016/8/7,FALSE,2016/7/7 17:00,2016/7/1,8000,100000
20160701-00804,FALSE,108000,2016/7/7,0,2016/8/7,FALSE,2016/7/7 17:00,2016/7/1,8000,100000
20160701-00805,FALSE,108000,2016/7/7,0,2016/8/7,FALSE,2016/7/7 17:00,2016/7/1,8000,100000
20160701-00806,FALSE,108000,2016/7/7,0,2016/8/7,FALSE,2016/7/7 17:00,2016/7/1,8000,100000
20160701-00807,FALSE,108000,2016/7/7,0,2016/8/7,FALSE,2016/7/7 17:00,2016/7/1,8000,100000
20160701-00808,FALSE,108000,2016/7/7,0,2016/8/7,FALSE,2016/7/7 17:00,2016/7/1,8000,100000
20160701-00809,FALSE,108000,2016/7/7,0,2016/8/7,FALSE,2016/7/7 17:00,2016/7/1,8000,100000
20160701-00810,FALSE,108000,2016/7/7,0,2016/8/7,FALSE,2016/7/7 17:00,2016/7/1,8000,100000
20160701-00811,FALSE,108000,2016/7/7,0,2016/8/7,FALSE,2016/7/7 17:00,2016/7/1,8000,100000
20160701-00812,FALSE,108000,2016/7/7,0,2016/8/7,FALSE,2016/7/7 17:00,2016/7/1,8000,100000
20160701-00813,FALSE,108000,2016/7/7,0,2016/8/7,FALSE,2016/7/7 17:00,2016/7/1,8000,100000
20160701-00814,FALSE,108000,2016/7/7,0,2016/8/7,FALSE,2016/7/7 17:00,2016/7/1,8000,100000
20160701-00815,FALSE,108000,2016/7/7,0,2016/8/7,FALSE,2016/7/7 17:00,2016/7/1,8000,100000
20160701-00816,FALSE,108000,2016/7/7,0,2016/8/7,FALSE,2016/7/7 17:00,2016/7/1,8000,100000
20160701-00817,FALSE,108000,2016/7/7,0,2016/8/7,FALSE,2016/7/7 17:00,2016/7/1,8000,100000
20160701-00818,FALSE,108000,2016/7/7,0,2016/8/7,FALSE,2016/7/7 17:00,2016/7/1,8000,100000
20160701-00819,FALSE,108000,2016/7/7,0,2016/8/7,FALSE,2016/7/7 17:00,2016/7/1,8000,100000
20160701-00820,FALSE,108000,2016/7/7,0,2016/8/7,FALSE,2016/7/7 17:00,2016/7/1,8000,100000
20160701-00821,FALSE,108000,2016/7/7,0,2016/8/7,FALSE,2016/7/7 17:00,2016/7/1,8000,100000
20160701-00822,FALSE,108000,2016/7/7,0,2016/8/7,FALSE,2016/7/7 17:00,2016/7/1,8000,100000
20160701-00823,FALSE,108000,2016/7/7,0,2016/8/7,FALSE,2016/7/7 17:00,2016/7/1,8000,100000
20160701-00824,FALSE,108000,2016/7/7,0,2016/8/7,FALSE,2016/7/7 17:00,2016/7/1,8000,100000
20160701-00825,FALSE,108000,2016/7/7,0,2016/8/7,FALSE,2016/7/7 17:00,2016/7/1,8000,100000
20160701-00826,FALSE,108000,2016/7/7,0,2016/8/7,FALSE,2016/7/7 17:00,2016/7/1,8000,100000
20160701-00827,FALSE,108000,2016/7/7,0,2016/8/7,FALSE,2016/7/7 17:00,2016/7/1,8000,100000
20160701-00828,FALSE,108000,2016/7/7,0,2016/8/7,FALSE,2016/7/7 17:00,2016/7/1,8000,100000
20160701-00829,FALSE,108000,2016/7/7,0,2016/8/7,FALSE,2016/7/7 17:00,2016/7/1,8000,100000
20160701-00830,FALSE,108000,2016/7/7,0,2016/8/7,FALSE,2016/7/7 17:00,2016/7/1,8000,100000
20160701-00831,FALSE,108000,2016/7/7,0,2016/8/7,FALSE,2016/7/7 17:00,2016/7/1,8000,100000
20160701-00832,FALSE,108000,2016/7/7,0,2016/8/7,FALSE,2016/7/7 17:00,2016/7/1,8000,100000
20160701-00833,FALSE,108000,2016/7/7,0,2016/8/7,FALSE,2016/7/7 17:00,2016/7/1,8000,100000
20160701-00834,FALSE,108000,2016/7/7,0,2016/8/7,FALSE,2016/7/7 17:00,2016/7/1,8000,100000
20160701-00835,FALSE,108000,2016/7/7,0,2016/8/7,FALSE,2016/7/7 17:00,2016/7/1,8000,100000
20160701-00836,FALSE,108000,2016/7/7,0,2016/8/7,FALSE,2016/7/7 17:00,2016/7/1,8000,100000
20160701-00837,FALSE,108000,2016/7/7,0,2016/8/7,FALSE,2016/7/7 17:00,2016/7/1,8000,100000
20160701-00838,FALSE,108000,2016/7/7,0,2016/8/7,FALSE,2016/7/7 17:00,2016/7/1,8000,100000
20160701-00839,FALSE,108000,2016/7/7,0,2016/8/7,FALSE,2016/7/7 17:00,2016/7/1,8000,100000
20160701-00840,FALSE,108000,2016/7/7,0,2016/8/7,FALSE,2016/7/7 17:00,2016/7/1,8000,100000
20160701-00841,FALSE,108000,2016/7/7,0,2016/8/7,FALSE,2016/7/7 17:00,2016/7/1,8000,100000
20160701-00842,FALSE,108000,2016/7/7,0,2016/8/7,FALSE,2016/7/7 17:00,2016/7/1,8000,100000
20160701-00843,FALSE,108000,2016/7/7,0,2016/8/7,FALSE,2016/7/7 17:00,2016/7/1,8000,100000
20160701-00844,FALSE,108000,2016/7/7,0,2016/8/7,FALSE,2016/7/7 17:00,2016/7/1,8000,100000
20160701-00845,FALSE,108000,2016/7/7,0,2016/8/7,FALSE,2016/7/7 17:00,2016/7/1,8000,100000
20160701-00846,FALSE,108000,2016/7/7,0,2016/8/7,FALSE,2016/7/7 17:00,2016/7/1,8000,100000
20160701-00847,FALSE,108000,2016/7/7,0,2016/8/7,FALSE,2016/7/7 17:00,2016/7/1,8000,100000
20160701-00848,FALSE,108000,2016/7/7,0,2016/8/7,FALSE,2016/7/7 17:00,2016/7/1,8000,100000
20160701-00849,FALSE,108000,2016/7/7,0,2016/8/7,FALSE,2016/7/7 17:00,2016/7/1,8000,100000
20160701-00850,FALSE,108000,2016/7/7,0,2016/8/7,FALSE,2016/7/7 17:00,2016/7/1,8000,100000
20160701-00851,FALSE,108000,2016/7/7,0,2016/8/7,FALSE,2016/7/7 17:00,2016/7/1,8000,100000
20160701-00852,FALSE,108000,2016/7/7,0,2016/8/7,FALSE,2016/7/7 17:00,2016/7/1,8000,100000
20160701-00853,FALSE,108000,2016/7/7,0,2016/8/7,FALSE,2016/7/7 17:00,2016/7/1,8000,100000
20160701-00854,FALSE,108000,2016/7/7,0,2016/8/7,FALSE,2016/7/7 17:00,2016/7/1,8000,100000
20160701-00855,FALSE,108000,2016/7/7,0,2016/8/7,FALSE,2016/7/7 17:00,2016/7/1,8000,100000
20160701-00856,FALSE,108000,2016/7/7,0,2016/8/7,FALSE,2016/7/7 17:00,2016/7/1,8000,100000
20160701-00857,FALSE,108000,2016/7/7,0,2016/8/7,FALSE,2016/7/7 17:00,2016/7/1,8000,100000
20160701-00858,FALSE,108000,2016/7/7,0,2016/8/7,FALSE,2016/7/7 17:00,2016/7/1,8000,100000
20160701-00859,FALSE,108000,2016/7/7,0,2016/8/7,FALSE,2016/7/7 17:00,2016/7/1,8000,100000
20160701-00860,FALSE,108000,2016/7/7,0,2016/8/7,FALSE,2016/7/7 17:00,2016/7/1,8000,100000
20160701-00861,FALSE,108000,2016/7/7,0,2016/8/7,FALSE,2016/7/7 17:00,2016/7/1,8000,100000
20160701-00862,FALSE,108000,2016/7/7,0,2016/8/7,FALSE,2016/7/7 17:00,2016/7/1,8000,100000
20160701-00863,FALSE,108000,2016/7/7,0,2016/8/7,FALSE,2016/7/7 17:00,2016/7/1,8000,100000
20160701-00864,FALSE,108000,2016/7/7,0,2016/8/7,FALSE,2016/7/7 17:00,2016/7/1,8000,100000
20160701-00865,FALSE,108000,2016/7/7,0,2016/8/7,FALSE,2016/7/7 17:00,2016/7/1,8000,100000
20160701-00866,FALSE,108000,2016/7/7,0,2016/8/7,FALSE,2016/7/7 17:00,2016/7/1,8000,100000
20160701-00867,FALSE,108000,2016/7/7,0,2016/8/7,FALSE,2016/7/7 17:00,2016/7/1,8000,100000
20160701-00868,FALSE,108000,2016/7/7,0,2016/8/7,FALSE,2016/7/7 17:00,2016/7/1,8000,100000
20160701-00869,FALSE,108000,2016/7/7,0,2016/8/7,FALSE,2016/7/7 17:00,2016/7/1,8000,100000
20160701-00870,FALSE,108000,2016/7/7,0,2016/8/7,FALSE,2016/7/7 17:00,2016/7/1,8000,100000
20160701-00871,FALSE,108000,2016/7/7,0,2016/8/7,FALSE,2016/7/7 17:00,2016/7/1,8000,100000
20160701-00872,FALSE,108000,2016/7/7,0,2016/8/7,FALSE,2016/7/7 17:00,2016/7/1,8000,100000
20160701-00873,FALSE,108000,2016/7/7,0,2016/8/7,FALSE,2016/7/7 17:00,2016/7/1,8000,100000
20160701-00874,FALSE,108000,2016/7/7,0,2016/8/7,FALSE,2016/7/7 17:00,2016/7/1,8000,100000
20160701-00875,FALSE,108000,2016/7/7,0,2016/8/7,FALSE,2016/7/7 17:00,2016/7/1,8000,100000
20160701-00876,FALSE,108000,2016/7/7,0,2016/8/7,FALSE,2016/7/7 17:00,2016/7/1,8000,100000
20160701-00877,FALSE,108000,2016/7/7,0,2016/8/7,FALSE,2016/7/7 17:00,2016/7/1,8000,100000
20160701-00878,FALSE,108000,2016/7/7,0,2016/8/7,FALSE,2016/7/7 17:00,2016/7/1,8000,100000
20160701-00879,FALSE,108000,2016/7/7,0,2016/8/7,FALSE,2016/7/7 17:00,2016/7/1,8000,100000
20160701-00880,FALSE,108000,2016/7/7,0,2016/8/7,FALSE,2016/7/7 17:00,2016/7/1,8000,100000
20160701-00881,FALSE,108000,2016/7/7,0,2016/8/7,FALSE,2016/7/7 17:00,2016/7/1,8000,100000
20160701-00882,FALSE,108000,2016/7/7,0,2016/8/7,FALSE,2016/7/7 17:00,2016/7/1,8000,100000
20160701-00883,FALSE,108000,2016/7/7,0,2016/8/7,FALSE,2016/7/7 17:00,2016/7/1,8000,100000
20160701-00884,FALSE,108000,2016/7/7,0,2016/8/7,FALSE,2016/7/7 17:00,2016/7/1,8000,100000
20160701-00885,FALSE,108000,2016/7/7,0,2016/8/7,FALSE,2016/7/7 17:00,2016/7/1,8000,100000
20160701-00886,FALSE,108000,2016/7/7,0,2016/8/7,FALSE,2016/7/7 17:00,2016/7/1,8000,100000
20160701-00887,FALSE,108000,2016/7/7,0,2016/8/7,FALSE,2016/7/7 17:00,2016/7/1,8000,100000
20160701-00888,FALSE,108000,2016/7/7,0,2016/8/7,FALSE,2016/7/7 17:00,2016/7/1,8000,100000
20160701-00889,FALSE,108000,2016/7/7,0,2016/8/7,FALSE,2016/7/7 17:00,2016/7/1,8000,100000
20160701-00890,FALSE,108000,2016/7/7,0,2016/8/7,FALSE,2016/7/7 17:00,2016/7/1,8000,100000
20160701-00891,FALSE,108000,2016/7/7,0,2016/8/7,FALSE,2016/7/7 17:00,2016/7/1,8000,100000
20160701-00892,FALSE,108000,2016/7/7,0,2016/8/7,FALSE,2016/7/7 17:00,2016/7/1,8000,100000
20160701-00893,FALSE,108000,2016/7/7,0,2016/8/7,FALSE,2016/7/7 17:00,2016/7/1,8000,100000
20160701-00894,FALSE,108000,2016/7/7,0,2016/8/7,FALSE,2016/7/7 17:00,2016/7/1,8000,100000
20160701-00895,FALSE,108000,2016/7/7,0,2016/8/7,FALSE,2016/7/7 17:00,2016/7/1,8000,100000
20160701-00896,FALSE,108000,2016/7/7,0,2016/8/7,FALSE,2016/7/7 17:00,2016/7/1,8000,100000
20160701-00897,FALSE,108000,2016/7/7,0,2016/8/7,FALSE,2016/7/7 17:00,2016/7/1,8000,100000
20160701-00898,FALSE,108000,2016/7/7,0,2016/8/7,FALSE,2016/7/7 17:00,2016/7/1,8000,100000
20160701-00899,FALSE,108000,2016/7/7,0,2016/8/7,FALSE,2016/7/7 17:00,2016/7/1,8000,100000
20160701-00900,FALSE,108000,2016/7/7,0,2016/8/7,FALSE,2016/7/7 17:00,2016/7/1,8000,100000
20160701-00901,FALSE,108000,2016/7/7,0,2016/8/7,FALSE,2016/7/7 17:00,2016/7/1,8000,100000
20160701-00902,FALSE,108000,2016/7/7,0,2016/8/7,FALSE,2016/7/7 17:00,2016/7/1,8000,100000
20160701-00903,FALSE,108000,2016/7/7,0,2016/8/7,FALSE,2016/7/7 17:00,2016/7/1,8000,100000
20160701-00904,FALSE,108000,2016/7/7,0,2016/8/7,FALSE,2016/7/7 17:00,2016/7/1,8000,100000
20160701-00905,FALSE,108000,2016/7/7,0,2016/8/7,FALSE,2016/7/7 17:00,2016/7/1,8000,100000
20160701-00906,FALSE,108000,2016/7/7,0,2016/8/7,FALSE,2016/7/7 17:00,2016/7/1,8000,100000
20160701-00907,FALSE,108000,2016/7/7,0,2016/8/7,FALSE,2016/7/7 17:00,2016/7/1,8000,100000
20160701-00908,FALSE,108000,2016/7/7,0,2016/8/7,FALSE,2016/7/7 17:00,2016/7/1,8000,100000
20160701-00909,FALSE,108000,2016/7/7,0,2016/8/7,FALSE,2016/7/7 17:00,2016/7/1,8000,100000
20160701-00910,FALSE,108000,2016/7/7,0,2016/8/7,FALSE,2016/7/7 17:00,2016/7/1,8000,100000
20160701-00911,FALSE,108000,2016/7/7,0,2016/8/7,FALSE,2016/7/7 17:00,2016/7/1,8000,100000
20160701-00912,FALSE,108000,2016/7/7,0,2016/8/7,FALSE,2016/7/7 17:00,2016/7/1,8000,100000
20160701-00913,FALSE,108000,2016/7/7,0,2016/8/7,FALSE,2016/7/7 17:00,2016/7/1,8000,100000
20160701-00914,FALSE,108000,2016/7/7,0,2016/8/7,FALSE,2016/7/7 17:00,2016/7/1,8000,100000
20160701-00915,FALSE,108000,2016/7/7,0,2016/8/7,FALSE,2016/7/7 17:00,2016/7/1,8000,100000
20160701-00916,FALSE,108000,2016/7/7,0,2016/8/7,FALSE,2016/7/7 17:00,2016/7/1,8000,100000
20160701-00917,FALSE,108000,2016/7/7,0,2016/8/7,FALSE,2016/7/7 17:00,2016/7/1,8000,100000
20160701-00918,FALSE,108000,2016/7/7,0,2016/8/7,FALSE,2016/7/7 17:00,2016/7/1,8000,100000
20160701-00919,FALSE,108000,2016/7/7,0,2016/8/7,FALSE,2016/7/7 17:00,2016/7/1,8000,100000
20160701-00920,FALSE,108000,2016/7/7,0,2016/8/7,FALSE,2016/7/7 17:00,2016/7/1,8000,100000
20160701-00921,FALSE,108000,2016/7/7,0,2016/8/7,FALSE,2016/7/7 17:00,2016/7/1,8000,100000
20160701-00922,FALSE,108000,2016/7/7,0,2016/8/7,FALSE,2016/7/7 17:00,2016/7/1,8000,100000
20160701-00923,FALSE,108000,2016/7/7,0,2016/8/7,FALSE,2016/7/7 17:00,2016/7/1,8000,100000
20160701-00924,FALSE,108000,2016/7/7,0,2016/8/7,FALSE,2016/7/7 17:00,2016/7/1,8000,100000
20160701-00925,FALSE,108000,2016/7/7,0,2016/8/7,FALSE,2016/7/7 17:00,2016/7/1,8000,100000
20160701-00926,FALSE,108000,2016/7/7,0,2016/8/7,FALSE,2016/7/7 17:00,2016/7/1,8000,100000
20160701-00927,FALSE,108000,2016/7/7,0,2016/8/7,FALSE,2016/7/7 17:00,2016/7/1,8000,100000
20160701-00928,FALSE,108000,2016/7/7,0,2016/8/7,FALSE,2016/7/7 17:00,2016/7/1,8000,100000
20160701-00929,FALSE,108000,2016/7/7,0,2016/8/7,FALSE,2016/7/7 17:00,2016/7/1,8000,100000
20160701-00930,FALSE,108000,2016/7/7,0,2016/8/7,FALSE,2016/7/7 17:00,2016/7/1,8000,100000
20160701-00931,FALSE,108000,2016/7/7,0,2016/8/7,FALSE,2016/7/7 17:00,2016/7/1,8000,100000
20160701-00932,FALSE,108000,2016/7/7,0,2016/8/7,FALSE,2016/7/7 17:00,2016/7/1,8000,100000
20160701-00933,FALSE,108000,2016/7/7,0,2016/8/7,FALSE,2016/7/7 17:00,2016/7/1,8000,100000
20160701-00934,FALSE,108000,2016/7/7,0,2016/8/7,FALSE,2016/7/7 17:00,2016/7/1,8000,100000
20160701-00935,FALSE,108000,2016/7/7,0,2016/8/7,FALSE,2016/7/7 17:00,2016/7/1,8000,100000
20160701-00936,FALSE,108000,2016/7/7,0,2016/8/7,FALSE,2016/7/7 17:00,2016/7/1,8000,100000
20160701-00937,FALSE,108000,2016/7/7,0,2016/8/7,FALSE,2016/7/7 17:00,2016/7/1,8000,100000
20160701-00938,FALSE,108000,2016/7/7,0,2016/8/7,FALSE,2016/7/7 17:00,2016/7/1,8000,100000
20160701-00939,FALSE,108000,2016/7/7,0,2016/8/7,FALSE,2016/7/7 17:00,2016/7/1,8000,100000
20160701-00940,FALSE,108000,2016/7/7,0,2016/8/7,FALSE,2016/7/7 17:00,2016/7/1,8000,100000
20160701-00941,FALSE,108000,2016/7/7,0,2016/8/7,FALSE,2016/7/7 17:00,2016/7/1,8000,100000
20160701-00942,FALSE,108000,2016/7/7,0,2016/8/7,FALSE,2016/7/7 17:00,2016/7/1,8000,100000
20160701-00943,FALSE,108000,2016/7/7,0,2016/8/7,FALSE,2016/7/7 17:00,2016/7/1,8000,100000
20160701-00944,FALSE,108000,2016/7/7,0,2016/8/7,FALSE,2016/7/7 17:00,2016/7/1,8000,100000
20160701-00945,FALSE,108000,2016/7/7,0,2016/8/7,FALSE,2016/7/7 17:00,2016/7/1,8000,100000
20160701-00946,FALSE,108000,2016/7/7,0,2016/8/7,FALSE,2016/7/7 17:00,2016/7/1,8000,100000
20160701-00947,FALSE,108000,2016/7/7,0,2016/8/7,FALSE,2016/7/7 17:00,2016/7/1,8000,100000
20160701-00948,FALSE,108000,2016/7/7,0,2016/8/7,FALSE,2016/7/7 17:00,2016/7/1,8000,100000
20160701-00949,FALSE,108000,2016/7/7,0,2016/8/7,FALSE,2016/7/7 17:00,2016/7/1,8000,100000
20160701-00950,FALSE,108000,2016/7/7,0,2016/8/7,FALSE,2016/7/7 17:00,2016/7/1,8000,100000
20160701-00951,FALSE,108000,2016/7/7,0,2016/8/7,FALSE,2016/7/7 17:00,2016/7/1,8000,100000
20160701-00952,FALSE,108000,2016/7/7,0,2016/8/7,FALSE,2016/7/7 17:00,2016/7/1,8000,100000
20160701-00953,FALSE,108000,2016/7/7,0,2016/8/7,FALSE,2016/7/7 17:00,2016/7/1,8000,100000
20160701-00954,FALSE,108000,2016/7/7,0,2016/8/7,FALSE,2016/7/7 17:00,2016/7/1,8000,100000
20160701-00955,FALSE,108000,2016/7/7,0,2016/8/7,FALSE,2016/7/7 17:00,2016/7/1,8000,100000
20160701-00956,FALSE,108000,2016/7/7,0,2016/8/7,FALSE,2016/7/7 17:00,2016/7/1,8000,100000
20160701-00957,FALSE,108000,2016/7/7,0,2016/8/7,FALSE,2016/7/7 17:00,2016/7/1,8000,100000
20160701-00958,FALSE,108000,2016/7/7,0,2016/8/7,FALSE,2016/7/7 17:00,2016/7/1,8000,100000
20160701-00959,FALSE,108000,2016/7/7,0,2016/8/7,FALSE,2016/7/7 17:00,2016/7/1,8000,100000
20160701-00960,FALSE,108000,2016/7/7,0,2016/8/7,FALSE,2016/7/7 17:00,2016/7/1,8000,100000
20160701-00961,FALSE,108000,2016/7/7,0,2016/8/7,FALSE,2016/7/7 17:00,2016/7/1,8000,100000
20160701-00962,FALSE,108000,2016/7/7,0,2016/8/7,FALSE,2016/7/7 17:00,2016/7/1,8000,100000
20160701-00963,FALSE,108000,2016/7/7,0,2016/8/7,FALSE,2016/7/7 17:00,2016/7/1,8000,100000
20160701-00964,FALSE,108000,2016/7/7,0,2016/8/7,FALSE,2016/7/7 17:00,2016/7/1,8000,100000
20160701-00965,FALSE,108000,2016/7/7,0,2016/8/7,FALSE,2016/7/7 17:00,2016/7/1,8000,100000
20160701-00966,FALSE,108000,2016/7/7,0,2016/8/7,FALSE,2016/7/7 17:00,2016/7/1,8000,100000
20160701-00967,FALSE,108000,2016/7/7,0,2016/8/7,FALSE,2016/7/7 17:00,2016/7/1,8000,100000
20160701-00968,FALSE,108000,2016/7/7,0,2016/8/7,FALSE,2016/7/7 17:00,2016/7/1,8000,100000
20160701-00969,FALSE,108000,2016/7/7,0,2016/8/7,FALSE,2016/7/7 17:00,2016/7/1,8000,100000
20160701-00970,FALSE,108000,2016/7/7,0,2016/8/7,FALSE,2016/7/7 17:00,2016/7/1,8000,100000
20160701-00971,FALSE,108000,2016/7/7,0,2016/8/7,FALSE,2016/7/7 17:00,2016/7/1,8000,100000
20160701-00972,FALSE,108000,2016/7/7,0,2016/8/7,FALSE,2016/7/7 17:00,2016/7/1,8000,100000
20160701-00973,FALSE,108000,2016/7/7,0,2016/8/7,FALSE,2016/7/7 17:00,2016/7/1,8000,100000
20160701-00974,FALSE,108000,2016/7/7,0,2016/8/7,FALSE,2016/7/7 17:00,2016/7/1,8000,100000
20160701-00975,FALSE,108000,2016/7/7,0,2016/8/7,FALSE,2016/7/7 17:00,2016/7/1,8000,100000
20160701-00976,FALSE,108000,2016/7/7,0,2016/8/7,FALSE,2016/7/7 17:00,2016/7/1,8000,100000
20160701-00977,FALSE,108000,2016/7/7,0,2016/8/7,FALSE,2016/7/7 17:00,2016/7/1,8000,100000
20160701-00978,FALSE,108000,2016/7/7,0,2016/8/7,FALSE,2016/7/7 17:00,2016/7/1,8000,100000
20160701-00979,FALSE,108000,2016/7/7,0,2016/8/7,FALSE,2016/7/7 17:00,2016/7/1,8000,100000
20160701-00980,FALSE,108000,2016/7/7,0,2016/8/7,FALSE,2016/7/7 17:00,2016/7/1,8000,100000
20160701-00981,FALSE,108000,2016/7/7,0,2016/8/7,FALSE,2016/7/7 17:00,2016/7/1,8000,100000
20160701-00982,FALSE,108000,2016/7/7,0,2016/8/7,FALSE,2016/7/7 17:00,2016/7/1,8000,100000
20160701-00983,FALSE,108000,2016/7/7,0,2016/8/7,FALSE,2016/7/7 17:00,2016/7/1,8000,100000
20160701-00984,FALSE,108000,2016/7/7,0,2016/8/7,FALSE,2016/7/7 17:00,2016/7/1,8000,100000
20160701-00985,FALSE,108000,2016/7/7,0,2016/8/7,FALSE,2016/7/7 17:00,2016/7/1,8000,100000
20160701-00986,FALSE,108000,2016/7/7,0,2016/8/7,FALSE,2016/7/7 17:00,2016/7/1,8000,100000
20160701-00987,FALSE,108000,2016/7/7,0,2016/8/7,FALSE,2016/7/7 17:00,2016/7/1,8000,100000
20160701-00988,FALSE,108000,2016/7/7,0,2016/8/7,FALSE,2016/7/7 17:00,2016/7/1,8000,100000
20160701-00989,FALSE,108000,2016/7/7,0,2016/8/7,FALSE,2016/7/7 17:00,2016/7/1,8000,100000
20160701-00990,FALSE,108000,2016/7/7,0,2016/8/7,FALSE,2016/7/7 17:00,2016/7/1,8000,100000
20160701-00991,FALSE,108000,2016/7/7,0,2016/8/7,FALSE,2016/7/7 17:00,2016/7/1,8000,100000
20160701-00992,FALSE,108000,2016/7/7,0,2016/8/7,FALSE,2016/7/7 17:00,2016/7/1,8000,100000
20160701-00993,FALSE,108000,2016/7/7,0,2016/8/7,FALSE,2016/7/7 17:00,2016/7/1,8000,100000
20160701-00994,FALSE,108000,2016/7/7,0,2016/8/7,FALSE,2016/7/7 17:00,2016/7/1,8000,100000
20160701-00995,FALSE,108000,2016/7/7,0,2016/8/7,FALSE,2016/7/7 17:00,2016/7/1,8000,100000
20160701-00996,FALSE,108000,2016/7/7,0,2016/8/7,FALSE,2016/7/7 17:00,2016/7/1,8000,100000
20160701-00997,FALSE,108000,2016/7/7,0,2016/8/7,FALSE,2016/7/7 17:00,2016/7/1,8000,100000
20160701-00998,FALSE,108000,2016/7/7,0,2016/8/7,FALSE,2016/7/7 17:00,2016/7/1,8000,100000
20160701-00999,FALSE,108000,2016/7/7,0,2016/8/7,FALSE,2016/7/7 17:00,2016/7/1,8000,100000
20160701-01000,FALSE,108000,2016/7/7,0,2016/8/7,FALSE,2016/7/7 17:00,2016/7/1,8000,100000
